"SSN","V1","V2","V3","V4","V5","V6","V7","V1_pls","V2_pls","V3_pls","V4_pls","V5_pls","V6_pls","V7_pls"
"icr006454",-13.7074971140227,-10.0755095779942,-9.45814909578141,-0.442655143496934,0.537142932083364,1.76847010734816,2.87314567584467,-13.7897904525405,-9.39186455817709,-8.08294590378551,-1.34995178123803,0.699307918525758,1.67248162403805,2.60114431027559
"icr006455",-13.6281927724889,-9.62595835094508,-10.2579884077536,-0.568262424914797,0.168622712435793,2.13566253752233,2.56786943825163,-13.9150390667926,-8.94586769741138,-7.93751125288961,-1.5408031580998,-0.166317728459534,1.70175775850368,2.58305277923682
"icr006474",-15.1457267602173,-11.8710885343317,-5.56791588329259,1.84728474545356,-0.667829372575655,0.77289421394612,2.60314458241807,-15.6900687118067,-12.2418965689703,-5.63250999755576,0.0162140092724028,-0.0626628076578233,1.03253279922324,2.71934435244092
"icr006475",-15.5690981465167,-12.4704851514645,-5.07788125241333,1.92273239932142,-1.44036158239017,0.838963143120729,2.33762655697176,-16.4060490949796,-13.012227924728,-5.69772673078011,0.177625486283839,-1.1249273128383,0.724324934015708,2.71644284226154
"icr006492",-14.6309301947659,-12.9426136713981,-7.84506152235778,0.121602551912574,-0.731613461387742,1.54089559288088,2.4040719446901,-14.4203342914465,-12.3858412236615,-6.67683656850417,-1.23152988961375,0.107686412039893,1.5272626033958,2.40570179768669
"icr006493",-15.0811532094102,-11.8854757891806,-8.09736502550759,-0.0714882110871669,-1.50023862046911,1.21375741450093,2.57045412142873,-15.254732529932,-12.1321602172381,-6.80299065817609,-1.58455152636428,-0.93696465298863,1.42458903118905,2.37551497709027
"icr006510",-14.3557491466401,-12.475613903211,-6.9063266560431,0.427985129781255,-0.320307299767858,1.09296740927827,2.38428817436523,-14.7407162179292,-12.1190316872961,-6.71193547860146,-0.563261952554687,0.153928598347651,1.3684354551883,2.53912412214659
"icr006511",-14.9213620480859,-10.8532135108325,-5.98683308399179,1.01742154196636,-1.50952700154384,0.814169899550321,2.33289044248937,-16.0139892825299,-11.8714676980792,-6.69927681533272,-0.36826239646209,-1.20180712842321,0.910768909287766,2.55562314359705
"icr006530",-14.7367799208357,-12.7026272017671,-8.21739438320113,0.92801197847228,-0.877450898557891,1.16737291550953,2.36609002230833,-14.420892776057,-11.2964918888628,-8.23100399468116,-1.76907484402005,-0.80698315537613,1.45411225067686,2.4032823443812
"icr006531",-15.0444705437782,-11.662171449469,-8.87476317678928,0.545481838029007,-1.95302761682418,0.89444806891514,2.32035869207801,-15.1795329663702,-10.4695540348855,-7.82345516520614,-1.49045979811762,-1.39349728849875,1.18477320672424,2.38209792810198
"icr006550",-14.2038108394885,-11.7192529486706,-8.98715573270644,0.240242754309615,-0.2559333741372,1.37335899429744,2.4136675490518,-14.8632561642902,-11.4163407596335,-6.48788612807847,-1.33543768095647,-0.43327243721903,1.10302069628407,2.87564973253178
"icr006551",-14.6839781478676,-11.4046414448261,-10.1656514784611,-0.136374917744916,-0.489548225318707,1.55395278909124,2.35146230830608,-15.0204616490173,-10.666174859159,-7.10476796910543,-2.00257060188297,-1.23600289970264,1.14389276710341,2.64822294881128
"icr006570",-14.6388508757154,-10.5028457836887,-7.45830935241344,0.567257169100536,-1.20896034583697,1.26596058795789,2.57103881490852,-15.0489113006897,-11.2894091825576,-6.93435941644183,-0.975639008169881,-0.0425100878663832,1.5264844002607,2.56435845738988
"icr006571",-14.9702360227103,-11.5724120315825,-8.02573520551619,0.188455872620043,-1.19869574722509,1.27818215382928,2.51604555047137,-15.0067195219393,-10.8215899551752,-7.65338923871552,-1.69673322735485,-0.701637984009845,1.51686124907023,2.49403261095012
"icr006586",-13.6722981785263,-10.6458648611268,-8.85061693569685,0.170267786368228,-0.0843411484337508,0.961281815391565,2.40085888838059,-13.9731962988423,-10.6082431111082,-8.10030458861234,-2.0792903912163,-0.446161924453958,1.44733906225917,2.42883690621276
"icr006587",-13.7118047068856,-10.9176689602704,-10.0139248818962,-0.594220589539182,-0.762140052046897,0.911736989943161,1.92563295661616,-14.0892098647547,-10.2395100452896,-8.48594363727796,-2.38615336175171,-1.53991027415804,1.3648817285731,2.43075450401125
"icr006606",-14.8441963396993,-12.436394768071,-5.31169406872715,1.64879104183753,-0.467596889215171,0.529550571098316,2.08726604154157,-15.5292754244294,-12.1892318455298,-5.87079218762998,0.293668416760891,-0.645330208783477,0.954065818500252,2.67208559165035
"icr006607",-15.2187345988965,-12.1384273055785,-4.81115510226052,1.72396507496087,-2.18925640768704,0.674455047547793,1.82323712810474,-16.468630524419,-12.9435880336089,-6.09842677751397,-0.269849128976029,-1.48509590669346,0.876592367756772,2.64246268200131
"icr006626",-15.1279830493195,-11.9953423909621,-5.61513132810294,1.45510617991056,-0.0909717782057271,0.755221194690664,2.1385285464992,-15.4766438080238,-12.0983399256535,-5.78496842030606,-0.401330640581602,0.0824619790488033,1.36984696972368,2.54724570048826
"icr006627",-14.8706770539452,-11.7213829337202,-6.74744775247053,0.991251362708113,-0.450833713138016,0.890299900869509,1.96754932415879,-15.582948530064,-12.0218816792549,-7.05283808935035,-1.32020684276208,-0.952208363881128,1.30158593411265,2.45366748485605
"icr006646",-14.7401564642766,-12.4923594664692,-5.04262034954605,1.67400064817884,-0.664437074677513,1.01525227823444,2.32918951943471,-15.3255985578842,-12.7973184600348,-5.53229640202183,-0.209324750503114,-0.322284099770149,1.14023223758739,2.61249398434061
"icr006647",-15.1129677231401,-11.8847435957248,-5.29631985370301,1.32601543271858,-1.90242503711557,0.683918374122323,2.22896637260069,-16.1527812632691,-12.9883045637066,-5.80427673846196,-0.466424037365012,-1.17305201488152,1.01514997199352,2.58286741820863
"icr006666",-15.0641398869476,-12.5866998630644,-4.86671017259196,1.86780164160867,-1.75329318840026,0.31851494748781,2.38779660558506,-15.3760006283434,-12.4714014137721,-6.2674367675843,-0.234405159745318,-0.433704409294389,1.15729638883255,2.58027906276752
"icr006667",-15.325886570773,-11.2257813749513,-4.72283947029298,1.45631941985603,-3.82537519870247,0.4596426620315,2.41879826961531,-15.8778431237689,-11.8514948024451,-6.62371620661824,-0.603886541967275,-1.01323619167172,1.08228991061605,2.52264286943628
"icr006684",-14.7078191854627,-12.7271130387098,-7.75019085217187,0.49301335409885,-0.635988766719997,0.748740370843974,2.20161536375371,-14.6942719951905,-11.8500602146686,-7.3105901745921,-1.08579882794896,0.225279972157903,1.3934228120219,2.51063821718055
"icr006685",-14.9370039717334,-12.4791642594785,-8.27508800410695,0.248071374783701,-0.991192040047272,0.752137587133349,2.29141179239592,-15.1983339650842,-11.7123653050316,-7.46473536811378,-1.36473409463934,-0.40565057465551,1.47656642249572,2.47861130992519
"icr006704",-14.9219835873867,-12.0387698532064,-6.76130368301281,1.04547724932972,-0.206132205487673,0.799912035115928,2.30593636167425,-15.0722247484023,-12.1535170158619,-5.96265817199586,-0.82688403559718,0.256880514926613,1.20961334643728,2.53886735618478
"icr006705",-14.8349481929622,-11.6199826060702,-7.42890456999525,0.54240489348217,-1.39209147880422,0.886663604317123,1.90294517062823,-15.5509882951751,-11.732241527501,-6.86789036043451,-1.20298763350816,-0.822943290717321,1.20237519343649,2.48369280457721
"icr006724",-14.7256464295272,-12.1911939644208,-5.67144720584773,1.79434972447153,-0.980829253011725,0.746069582014288,2.24998092977553,-15.4246021783082,-12.3612202964882,-6.24698633736148,-0.0899016750977706,-0.519192644243397,1.06021081608042,2.6371812231841
"icr006725",-15.1772603891834,-11.9342586105403,-4.94976552770355,1.6234683882432,-2.07944154167984,0.488920788377941,1.94236404604856,-16.1968628433398,-12.712851902383,-6.52612898728839,-0.476711999394352,-1.47696432482996,0.992583734416052,2.59297767353463
"icr006744",-15.4185177969421,-12.1348694428495,-5.55013042330061,1.28120558500266,-0.436102077570053,0.505319759891469,2.22316156295983,-15.9558945389231,-12.1471182169169,-5.09447794029694,0.208814797788832,0.318946469482893,1.33051778540591,2.61204196142312
"icr006745",-16.0663982194668,-11.7074533009228,-3.99821207802053,1.97572491455687,-1.00711994824344,0.422272226424546,2.37631705461504,-16.5769862960042,-12.8612450832119,-4.89360780459798,0.283013260183165,-0.473539719414041,1.14459622921057,2.64284832407815
"icr007730",-13.8824645711097,-13.4406888576407,-6.1690051677172,0.557486328164413,-0.697601530909326,1.01694843722392,2.44372488889174,-14.4321186394934,-13.7133858695815,-5.02058330704113,-0.284896178072864,-0.298352434042423,1.48787424100017,2.54167110443356
"icr007731",-14.3384185781569,-12.0962816814248,-5.79399735791295,0.647185545048282,-2.0772461511164,0.492671397874944,2.33116538654783,-15.5003581748237,-13.8230588046662,-5.93107997248541,-1.05822017400126,-1.67486918256958,1.37087483341704,2.45738421687502
"icr007750",-14.8467279696727,-14.3654917434298,-6.56198058108579,-1.1982029506282,-0.476339447694821,1.53102330141046,2.65659812614907,-14.1713958757858,-13.5039331540951,-5.90875625768629,-1.35308363518675,1.05728536357361,2.04994621948723,2.74971945244123
"icr007751",-15.5471034969244,-13.9360702879055,-6.28569055782088,-1.67394012745846,-1.16899308542991,1.35332127063397,2.74984732978067,-15.1876463100351,-13.0171096969113,-6.08403401219219,-1.53834884702187,0.482140374081008,1.91889738161388,2.71018975698467
"icr007770",-15.3493952410207,-13.7714010313195,-4.21242727426042,-1.53287858329043,0.19062035960865,0.236072027918055,2.60314046949426,-14.7784200757556,-12.2481114629687,-5.41583737267345,-1.46466252116927,0.254593031999899,1.47196100962026,2.62778732805571
"icr007771",-14.9958976410368,-8.93332681467959,-5.8446989854256,-0.917143951515206,0.375612144958483,0.806988751481389,2.69758917075856,-16.098871094916,-11.689695203452,-5.8293350389688,-1.43126670601543,-0.266770547852575,1.21082145668082,2.59315921944429
"icr007790",-14.2767804326239,-13.0076302760856,-7.91420543911281,-0.286114063612235,-1.03236290312691,0.83000910959056,2.6310188278225,-14.2877799250794,-13.4227425954914,-6.88072504296086,-1.41210683549677,-0.539479071849074,1.43518026332119,2.66388127950527
"icr007791",-14.7037948213628,-12.7501724694361,-7.6736017114697,-0.476950109821062,-1.4260346897694,0.538400498043308,2.60157684313056,-14.9333470235406,-13.4454236509549,-6.62562367219838,-1.52145297242852,-1.35421661628315,1.46336216581312,2.56620823696121
"icr007810",-13.4399074056413,-13.2070270469938,-7.15950327140165,-0.105453428757349,0.0982384395834135,1.54298311337562,2.41621469610261,-13.6784305385563,-13.9288489278279,-6.86736375910094,-0.860766142285135,0.0517011407623543,1.79272872168786,2.54859606604852
"icr007811",-14.5210052304511,-12.4379841108302,-8.46792785905799,-0.286945521103689,-1.15530763234465,1.03986107834567,2.5616660011136,-15.0565393552644,-13.5881851868816,-7.26371559331227,-1.36730417784275,-1.23286069021376,1.91903745426936,2.47138709985582
"icr007850",-15.4116659718658,-12.6014975471666,-1.43549072392325,1.67966751284055,1.6891903022075,0.62445064927371,2.79413029351712,-16.0189854385268,-13.6591556935521,-2.87868064856615,0.680017683469795,0.899319585337588,1.34730530385875,2.6235780778528
"icr007851",-16.4681447714768,-12.046353934059,-0.60207779981323,2.0431008299422,1.14021828950057,-0.246346448393874,2.9497883734007,-16.8900850077534,-13.9400041667723,-3.21069308775281,0.360326152820637,0.180731448298528,1.08260374603667,2.66771060820444
"icr007870",-15.8151158627618,-12.3790723888748,-2.2997693931955,1.84872390656279,1.08091271156871,-0.125959696093629,2.91943255215929,-16.0846287427205,-13.6891373691737,-3.14513376160553,0.400229331567424,0.438694129349599,1.17697425305373,2.69918188882011
"icr007871",-16.5242188579656,-12.5504739783263,-2.75866797047063,2.32284699938348,0.332938664039901,-1.27064215942552,3.00734127429754,-16.7991398351191,-14.0871554884348,-3.39685190603037,0.182531064060517,-0.229188870070938,0.921748942181323,2.78261644964005
"icr007910",-14.8383679515097,-13.4477686607215,-6.34555319242295,0.142860924485988,-0.100643525779688,0.715601517722016,2.5074473722531,-14.8181626900222,-13.8211726853223,-5.4304614861876,-0.687837660905416,-0.123497822251219,1.50993602754672,2.57824613087553
"icr007911",-15.181052507245,-12.6348554603578,-7.28762542350027,-0.0284395300743761,-0.682218110027755,0.560468302906067,2.51150092448793,-15.4343559292607,-13.2339257676234,-6.02331024739669,-1.06332547352369,-0.76582841490808,1.44708746262008,2.53890805458258
"icr007928",-14.1455775968075,-11.5330604493383,-6.39051120926496,-1.62964266953453,0.641853886172395,1.34222428279904,2.81942789020879,-14.3272353269035,-11.6892862285018,-7.15865317850989,-2.1965510235707,0.68250457006969,1.80198810431124,2.7705391975107
"icr007929",-14.5502999498859,-10.1997076318778,-5.90101467339372,-3.07498505098431,0.354645859711951,1.77092947656646,2.63455957090843,-14.7431853164391,-10.1010369663036,-7.62132265694211,-3.25603429511099,-0.281641166662522,2.11624986421863,2.67968088266528
"icr007949",-15.4264367067948,-13.4572204566738,-5.26532532729319,-1.72405986518522,-0.342490308946775,0.895823894748962,2.63073709799954,-15.2312421555433,-12.729114040843,-6.04887896759364,-0.885590770708283,0.128754391651099,1.48035600687599,2.71686996942692
"icr007950",-14.7699705870951,-12.3446646405788,-6.39871953863103,-1.61784479653162,-0.405465108108164,1.13943428318836,2.65404218471043,-15.0695551004489,-12.3763429434711,-6.59323265160154,-1.3758262289953,-0.251320809156534,1.64580875188034,2.64778322606959
"icr007967",-14.3638541302249,-15.7099211959129,-8.29814669386577,-0.345529597081681,-1.86075234071501,0.698075215432742,2.48735463142664,-13.5531419955,-13.9393534161065,-6.98759809111233,-1.13277946828681,0.127328374342895,1.84114611735095,2.60614169423743
"icr007968",-14.1940380904476,-12.7917182104508,-8.74237869848715,-0.614484572620894,-0.80437281567017,1.14704414350251,2.51971057198269,-14.8771193504698,-13.7407018014962,-7.24635518806003,-1.54457626672215,-0.970343881987495,1.85544958884359,2.54735113950409
"icr007987",-14.4266591014736,-12.651986369338,-8.7546853341753,-0.368859061855916,-0.828066498459316,0.775458469371131,2.3876835044503,-14.9513788392105,-13.234535655724,-7.57889906512249,-1.4387838635972,-0.799405002273945,1.66328770367318,2.56202801445994
"icr007988",-14.3518733660738,-11.4706975021472,-6.40626795145865,0.413596162043291,-0.408216141480054,0.73489444724926,2.48699106951091,-15.4375350182563,-13.3649449835893,-7.10436360125402,-1.51448432382126,-1.19934722879877,1.65147949886598,2.56950225089325
"icr008007",-13.4536414751613,-11.7701270811542,-4.29645568619661,0.202007582693891,2.58797095318548,1.45643441639676,2.75033677146246,-14.2009404735488,-14.1724101361334,-5.26200312106221,-0.927021794016538,0.332520476354691,1.81170047007493,2.78172113162848
"icr008008",-14.038642019267,-11.321393144189,-3.70910348968242,0.394733078274063,2.25956770791035,1.19399056285127,2.87106684221884,-15.2653434973334,-14.388092724328,-5.27110203155738,-0.591029828721785,-0.636314382001708,1.54470811174286,2.67175881814502
"icr008027",-15.1662667303547,-12.461444453843,-4.04809525450925,0.514184994951179,0.655406852577098,0.363772205809495,2.65265235109729,-15.5637622904393,-13.3145079106045,-3.59972129878978,-0.153156312803725,1.31957025209738,1.84632298631456,2.67232594455851
"icr008028",-16.3344183893868,-12.5651882504958,-3.25222896455784,1.19307184000241,-0.0851578083403073,-0.659523676988377,2.76522600307128,-16.5493609306532,-13.5207503036303,-3.67035399909733,-0.21384288504934,0.738879639630953,1.59536488087529,2.65923090668884
"icr015752",-15.8305319926938,-15.2853921480158,-8.22825185467919,-1.91161935480057,-2.3150076129926,0.908033046635174,2.25207279903669,-15.6677684395048,-13.4401870897831,-6.89720550053014,-1.81704567692396,-0.479290489641784,0.894421062653595,2.64091984766374
"icr015753",-15.1151854940883,-15.8730325500585,-7.85401943617572,-1.20837979665686,-0.949080554697145,1.02073467854261,2.31451060459058,-15.1424023021989,-13.9386693770198,-6.17992605324601,-1.86740250336738,-0.296555156529905,1.15642392228454,2.60109759807798
"icr015772",-14.8529507508826,-15.6204969591681,-6.58219463820525,-1.19173988927463,-1.2443240998495,1.00089424720099,2.25161332478686,-16.0160400525352,-14.4227864188978,-5.50983380506972,-0.604084411824767,-0.736970887239264,0.753120845548739,2.74984895744642
"icr015773",-15.7242302349154,-15.4414289298993,-5.05534524049278,-1.22837113972626,-3.01099974568478,0.805289382241614,2.10325384830706,-15.249378186867,-14.8390591582702,-5.43246093567294,-1.00402134708644,-0.466531406098696,0.962895465842152,2.62414333648662
"icr015792",-15.149286656414,-15.129955017505,-6.76061542500482,-0.220797800656025,-1.20397280432594,1.41627093702558,2.1682975566662,-14.8952371464591,-13.814604738588,-6.51620109300741,-1.20487928896717,-0.251660601317881,1.29935340319998,2.45878356056845
"icr015793",-15.4535075940138,-14.1758001990851,-6.49144378397648,-0.10572287974892,-2.76811444184486,1.25307460824235,1.98794182681425,-15.7108024217363,-12.9898480614803,-7.03206879855682,-1.58014219590715,-1.14084614811086,1.11022488144701,2.42706045741685
"icr015812",-14.965187796298,-15.2805354081162,-7.50271080257406,-0.814009089654609,-0.421994410059375,1.54759556347122,2.23742841802126,-14.512848960599,-13.5905783839255,-6.948928124792,-1.57051326841597,-0.282727679575734,1.39410137709578,2.48963250322462
"icr015813",-14.7722054840749,-16.7418395071522,-7.22733838613223,-0.513486117283802,-1.18149994847388,1.4291988762418,2.22963347063439,-15.0136959471192,-13.3324723117757,-7.17859637473114,-1.74766158151702,-1.03065589133782,1.25650784999639,2.43291479451124
"icr015832",-15.7943651552745,-14.0392852830145,-8.73233255058622,-1.70457324737965,-1.6094379124341,1.21903506506384,1.85123002282638,-15.0436149280565,-11.264289762016,-6.85732348626381,-1.24746762144607,0.254455055421843,1.44852763610876,2.41007969881126
"icr015833",-14.976639529661,-14.2355134260263,-7.07888640837618,-0.909981689874217,-0.840304824896233,1.24671543386552,2.10273277601914,-14.912721629656,-12.5596024738488,-6.31237457150755,-1.30449243326435,0.5733488723123,1.62087584245138,2.42356548475517
"icr015852",-15.0548777671588,-15.9226722930017,-6.44122787451362,-0.320534378442998,-1.33318453580594,0.977044627816554,2.1750948335136,-14.9760112847523,-14.2678277493293,-6.30004102339374,-1.49962880923516,0.0495752985087506,1.18168561923698,2.54638443829303
"icr015853",-15.8949924913212,-15.8840165115072,-6.39172628710629,-1.10482382337355,-3.95124371858143,0.680629844173254,2.06446206602732,-15.745458671738,-13.7771442534506,-6.71922986903274,-1.54991479504297,-1.40739626603854,0.859470740348816,2.5353078181406
"icr015872",-14.8401722100246,-15.7890702427226,-7.46387308960067,-0.617240163938246,-0.834225778819849,1.2136036973869,2.21042816431192,-14.6597871793818,-13.9434315602578,-6.19831872821265,-1.10666185776724,-0.0733234689511963,1.12336105516606,2.55641473662465
"icr015873",-15.4180135206654,-15.4653055958462,-6.57259420877611,-0.652948332510393,-2.04958857853015,0.950046343561636,2.21375387928743,-15.3878293183565,-14.2129726722189,-6.38006511748547,-1.04606338686824,-1.36275794341524,0.854474925515419,2.5480173897223
"icr015892",-15.6699978519168,-15.8994261319631,-6.7656599671006,-1.44452437619033,-0.712195375530639,1.40566338768883,2.20289481253295,-15.1022922615374,-13.3194872689615,-6.10285598697315,-1.62027241868457,0.207135777223475,1.6906050145692,2.50186042331892
"icr015893",-16.3844399714461,-15.7811555474897,-7.51267288732485,-1.62379492899197,-1.69459572077441,1.1583169062648,2.10508644460024,-15.8007460708129,-12.6846886921662,-6.41452262825684,-1.65534325768088,-0.755348313509068,1.38171100334817,2.49861318138281
"icr015912",-13.7913998530718,-15.2878229505588,-10.0558538058116,-2.37289921418928,-1.0055218656021,1.08087732301219,2.24993198592931,-13.255928403959,-13.2595330644501,-9.85535315088146,-2.91278979558103,0.494802254469956,1.56742215153681,2.52922294842959
"icr015913",-14.7898684686149,-14.8092493987714,-11.3612750017638,-3.93857038183177,-1.38629436111989,0.784503988802771,2.11490592622216,-14.2924513818238,-12.2037029556808,-10.3857404866777,-3.45939227428976,-1.44933818790417,1.13352737752757,2.39997983058345
"icr015932",-14.6004478808198,-16.816857912252,-5.96976005175227,-1.65280005541466,-2.0551094410203,0.700900925221611,2.20322525166401,-14.3681102895805,-15.433773020847,-7.17928238142286,-1.51764003346229,-1.11307616010709,0.683384837024736,2.58428878373721
"icr015933",-14.7950115724124,-16.2116901409965,-5.50401751846267,-1.42212851249911,-2.65926003693278,0.706375605770944,2.20126572905187,-14.9579955741586,-15.2269760773042,-7.29641361797421,-1.55825319965754,-1.67773690755728,0.634657834708886,2.61665290625084
"icr015952",-15.0753424062514,-16.1589521260206,-6.65149856936795,-0.754927622179074,-1.69644928942373,0.872383339760852,2.2235331577842,-14.8179295488435,-14.4472464359964,-5.79022507711254,-1.20089861593955,-0.616024630967948,1.06327588194222,2.43741240164825
"icr015953",-15.5607814209109,-15.6219401651468,-6.00167649412545,-0.766408561876874,-2.83321334405622,0.737189411271156,2.20312697812692,-15.7117906180284,-14.8232139442884,-6.27894684930849,-1.17582211872877,-1.92894674563138,0.798049478758386,2.42692906683397
"icr015972",-14.4336975295815,-14.9377639500438,-6.36543044547558,-1.89932669909992,-0.854415328156067,1.74157428041946,2.25302396670035,-14.4093620303159,-14.6540977141258,-7.89560203426138,-2.53604207957083,-0.253201497257376,1.71805799769086,2.38277133499252
"icr015973",-15.552917283734,-15.3466820969971,-7.40243960805468,-2.0787017160257,-2.05017115937972,1.14326815369909,2.28444660925279,-15.5556588242429,-13.9222358805777,-8.00941300486575,-2.77239106069068,-1.48403559729217,1.2146806354896,2.42067891463006
"icr015992",-15.3791505287123,-14.5339593927329,-4.53393422786299,-1.41701629842835,0.576282840420633,1.19091669707189,2.28594745184102,-15.1820597312598,-13.7194296587372,-5.47460216118996,-0.600316821035521,1.09899056581524,1.75200929697227,2.62502071254652
"icr015993",-16.9033116285194,-14.9048491612183,-4.92154456623262,-2.35550178967766,-0.587786664902119,0.674262499169419,2.04037666053996,-16.5360883288198,-13.0579646098507,-5.29458019305479,-0.65966056128494,-0.0677106265622603,1.29254042342785,2.65016295935338
"icr016012",-13.8118135741936,-15.7601944469943,-9.44122919779982,-3.01628824325352,-1.30252447805443,0.907523018620845,2.30487227860979,-13.1015954299668,-13.4440781510913,-9.10334670797424,-2.76149115361877,0.654508709747788,1.53048965111032,2.40391523596224
"icr016013",-14.81822832429,-15.3944582312843,-10.8531866905481,-4.04234691767883,-2.0949457282158,0.594920129460498,2.24777190760872,-14.0302517454678,-12.1439123588395,-9.54253632389825,-3.14782942456394,-0.678463573490336,1.23435382868314,2.36607508547841
"icr016032",-13.552375748498,-14.973145896038,-8.84355153748531,-3.34364230448279,-0.737598943130779,1.32890364575151,2.3743074414416,-12.9551846147416,-12.5096409641783,-10.1817156049725,-3.21583704396062,0.0847618091201936,1.47593466112421,2.42132403254746
"icr016033",-14.343213083455,-14.8189239755989,-10.4727705435312,-3.75375346795406,-1.83827948486295,1.16402021307724,2.16177683285153,-13.7604612040194,-11.6493045373488,-10.0161015291451,-3.65745109529289,-0.740583291190033,1.37570306772572,2.42195761829924
"icr016052",-14.3705189449695,-15.8953608592736,-7.77217939359348,-1.18777617363062,-1.10836846361347,1.44051821172716,2.23946028258153,-13.9316159595358,-14.7444350461735,-6.74583068213181,-1.63852721366052,-0.517393899462409,1.35763943706802,2.35616717629726
"icr016053",-14.5808626760021,-15.4002101590207,-7.83006647073443,-1.39468429264676,-1.09861228866811,1.65588985454957,2.17316020921189,-14.392862252403,-14.427429556999,-7.26627846283895,-1.78867034645105,-1.28829299982113,1.26853265095566,2.32496369736545
"icr024868",-15.6047344318083,-13.365422173462,-5.36991211520232,0.189199817487155,0.448950220047903,1.21031627824811,3.04103858052158,-15.6919746260264,-13.0593300609489,-3.98350449112945,-0.178471407751362,1.01431796811417,1.7450417679401,2.6654423962683
"icr024869",-16.4766866095739,-12.1325211222946,-6.2810468943108,0.152260109998069,0.139761942375157,0.638588196309509,3.3886185994553,-16.5411102038172,-12.4922146028196,-4.55206723120888,-0.146611721938957,0.582054897281376,1.52522919382274,2.63504939142553
"icr024879",-15.7601017030921,-13.3630660867446,-7.15075312207582,-0.386098686734353,-0.248461359298499,1.29863342256147,2.79828317161456,-15.6072136302444,-13.2814487088216,-5.67973838635737,-0.871238285360602,0.0564583811431181,1.64994166341155,2.65620266114928
"icr024880",-16.0201194612554,-12.8856674604318,-8.58836376460444,-0.827843454628024,-0.693147180559945,0.980194533853636,3.21206698293887,-16.0800169523537,-12.9304171133604,-6.62898128882874,-1.19224702468847,-1.21044440807689,1.41144822525354,2.51950821994815
"icr024899",-15.4865363663018,-13.8112547617904,-6.04977625851424,-0.256167943005824,0.494696241836108,1.53193435127924,2.64192129338669,-15.3492924216319,-13.5675523490265,-4.78472722869555,-0.764153946588876,0.583535200422525,1.93555591249729,2.68319623278787
"icr024900",-16.2271934703198,-12.6622242119545,-5.94650793645317,-0.129774776872465,0.454255272277596,1.32687094064909,2.98369843399027,-16.2778456812703,-13.1304912032669,-5.07719533402013,-0.77098067017539,-0.0213328281258133,1.72498217433188,2.66591612174473
"icr024917",-16.412997824816,-13.4587276909466,-6.20749153793901,-0.260362804651081,0.490622916448471,0.931855248415268,2.93193739573073,-15.8522511186077,-12.6792228642049,-4.75879819123588,-0.901436688077012,0.470811288836249,1.44216407444669,2.60593016356833
"icr024918",-17.6257334769486,-11.769425354791,-6.5758267250114,-0.622042411538123,0.182321556793955,0.498991166118987,2.76696395851502,-16.777482073991,-11.5998013386942,-4.90616138645049,-1.26295740921967,-0.244115392537977,0.99337990204174,2.51756409389809
"icr024937",-15.9005266145137,-13.5921315962935,-5.99538230977691,-0.774254581920009,0.559615787935423,1.14306405123894,3.03128325781831,-15.6879888407423,-13.7223476883426,-4.2091323334095,-1.09477583168992,1.08953459321304,1.90317455270085,2.68448665087415
"icr024938",-16.9387678330171,-12.085447850501,-5.84442491624976,-0.726691486597133,0.427444014826939,0.791265036518467,3.42842197273011,-16.6569922259762,-13.3440736739065,-4.35355487030121,-1.02473811090208,0.593366588199981,1.57303493895825,2.65358380185214
"icr024956",-15.7768883669857,-12.4691841375251,-6.33675534376933,-0.185205381314279,0,1.34902296632266,3.05700513357435,-15.6718824516921,-13.1929681671625,-5.4732079599794,-0.833245982722227,0.0412637545275935,1.65660741994571,2.643856937966
"icr024957",-16.5728055510155,-11.072045401441,-6.20654468633577,0.0670901192615183,-0.782759339249633,0.224541175580848,3.27483170189154,-16.6754314474252,-13.1627130038077,-6.07083442357016,-1.01436725300179,-1.1853311281453,1.31588159154656,2.5463789763719
"icr024976",-15.7483938629123,-12.9956273802823,-5.19382732154603,-0.483296619900118,1.28093384546206,1.56902837409622,3.08884568486152,-15.8983938502012,-13.3723644591674,-4.02500458802583,-0.306449294321424,1.07576004084261,1.92046821137874,2.68649869325474
"icr024977",-16.7203255702535,-11.8067932834519,-4.74552261480237,-0.149848594523368,0.717839793150317,1.01038805525327,2.93986991618134,-16.6131813596885,-13.076331132995,-4.02251998021144,-0.0947649939542244,0.167921830538155,1.49971662873206,2.63187625042142
"icr024994",-15.8580240995377,-12.8905036112993,-5.87584568504868,0.148408684882288,0.0327898228229913,1.01005889132666,3.18895042157216,-15.9101136287319,-12.8214055527258,-4.69618292533657,-0.278679862601905,0.0996698634772394,1.65282169824948,2.66423807618711
"icr024995",-16.8142348025972,-11.9499922760846,-6.91946793808788,0.553837864349495,-0.51082562376599,-0.0465200156348935,3.057864054661,-16.5328622025766,-12.2084133004099,-5.45689484977401,0.071919990372137,-0.75305825225762,1.33300394292491,2.56431025466685
"icr025009",-16.7481337281476,-11.4732783152583,-5.22342632533084,-0.475939917162492,0.53062825106217,0.96240208383356,3.27695019938588,-16.1304848833043,-13.4370794325874,-5.07107870659847,-0.618494423185598,0.194444492517077,1.48009373598993,2.74936050139258
"icr025010",-16.7804734955912,-13.7879626610187,-5.20293341214835,-0.0339093274697646,-0.0779615414697119,0.364337816684301,3.27970926581323,-16.6439489834201,-12.985219972357,-5.40577846450816,-0.70735681903601,-0.437441967275324,1.21898184245719,2.66647968840686
"icr025016",-15.4651835746278,-12.6693231331005,-6.62866135920949,-1.27974141295285,0.154150679827259,0.777912447187656,2.53083407281296,-15.691027979949,-12.8775172199912,-5.99980323899855,-1.16184527099445,-0.7597188308288,1.23857425681554,2.69456890187681
"icr025017",-16.6559383321894,-13.4116431348563,-6.30657740817191,-1.81814913333179,-0.393042588109608,0.512029717830796,2.45866901957114,-17.0438368296233,-15.7842165032124,-4.91295059846224,-0.83508739955761,-2.28064712012127,0.758820780509369,2.70544476722456
"icr025036",-15.8032384694424,-13.7122603406106,-5.74317062188497,-0.727894948232219,0.765467842139572,1.74118199448453,2.73550322788351,-15.5283030427025,-14.1115467898757,-5.01342588808143,-0.905044953422112,0.766749393333982,2.05991521127496,2.74672479864992
"icr025037",-16.7297811755715,-13.279500802804,-5.71683172523564,-0.599098295583012,0.427444014826939,1.56861591791385,2.57334395030456,-16.5408683136815,-12.9389116681743,-4.96474116062164,-0.598213681783793,0.323179956448654,1.84270800373663,2.67328921603701
"icr025055",-16.0139696032183,-14.0017311524575,-5.8980560751392,-0.611776687150645,0.955511445027437,1.58967876245364,2.62841221330525,-15.7889207613116,-13.3144476770474,-4.21603155594142,-0.29374634003353,0.950755013041465,2.09498112330413,2.72655783619296
"icr025056",-17.0681848280736,-12.8593235601946,-5.77455996716808,-0.0822813169933685,0.125163142954007,0.843265596859265,2.41405408151546,-16.9108353736899,-12.3720550262638,-4.36338658566985,-0.138447858878944,0.122854573918574,1.6688586423987,2.60134054999026
"icr025074",-15.3209915331339,-13.029135693111,-6.42505079610894,-0.121174832338389,0.324496045574497,1.19840175927648,2.78111964594408,-15.402913190389,-13.6589337615828,-5.22219503129547,-1.05902598129953,0.151327718943782,1.78945856671911,2.60090264994706
"icr025075",-16.2513705079888,-12.4402881360453,-6.51851805338959,0.571943323825584,-0.248461359298499,0.00626961301359508,2.81529573145581,-16.5789594198819,-13.4821396020427,-5.82310352851108,-0.983007415746921,-1.15724621836047,1.38296523514712,2.50213953068328
"icr025092",-15.9067206874565,-13.3902499879094,-5.8951108942124,-0.132385883922755,0.654925967739747,1.20029632959663,2.8803144509969,-15.9734266429471,-13.2173196138501,-5.08102547662908,-0.827403486788213,0.491634805168855,1.88022389547049,2.67260962817954
"icr025093",-16.7371400920069,-12.2457988273773,-6.24660453252901,-0.0432358307425158,-0.162518929497775,0.893817876022096,3.13720449512148,-16.7300623089016,-12.8117099503759,-5.60550943858447,-1.09101162837536,-0.410117476615058,1.5266781575494,2.62260730088189
"icr025111",-15.5120176822459,-12.2833428761831,-6.59831186426847,-0.643406407038364,0.576613364303995,1.64515599503618,3.00099053348569,-15.6217466664615,-13.2225538354506,-5.74104775559502,-1.49935959956047,0.678705770038004,1.9066471556386,2.72278220218565
"icr025112",-16.5979391005916,-11.2727111830463,-7.56297253482422,-1.38898803790507,0.154150679827259,0.857975579906383,3.42606295974634,-16.3507737143899,-12.4956118058986,-6.51515521065449,-1.62421366716259,-0.570651187272439,1.48474625354325,2.58843497159418
"icr025135",-15.241691414744,-14.2843889779456,-5.94525956602855,-0.728586188521019,0.693147180559945,2.0543547072501,3.16974972641657,-14.9830779180199,-14.0526446313531,-4.86442244670545,-0.827375198659561,0.299157674615277,2.05545230687291,2.69802403428129
"icr025136",-15.4758289200455,-13.3093247174946,-5.93009818368196,-1.2279729303762,0.0141846349919561,2.44904797623506,3.3944661824985,-15.6568117306555,-13.420246882563,-5.34009293615908,-1.01035036327992,-0.212155219966051,2.11867983061547,2.61984138732359
"icr038106",-13.8032259308132,-11.7207060857865,-9.49976694038796,-4.7201635804119,-0.701052360067058,1.32043577001551,2.35977098200331,-12.9098828350262,-10.1062238017191,-9.40514537581317,-2.42685181572855,-0.86819858559376,1.12779834965805,2.45930848227692
"icr038107",-14.1256041303338,-12.0741492115894,-10.8655946491193,-4.97002547049449,-0.984853403311451,1.30749642582723,2.62377040771835,-13.2632863086047,-10.6587035722272,-10.0827247367311,-2.94818501061727,-1.09308374523108,1.14054809074964,2.52075333743512
"icr038118",-14.049123633831,-11.5443604418354,-10.595110126853,-5.0171058292947,-1.09861228866811,1.29147480168245,2.43459971089715,-13.3952942953598,-9.93201055289986,-8.93200837445729,-2.59732023891638,-1.37066150292613,1.23273506118831,2.62159481578358
"icr038119",-14.5837807878793,-10.4882383222966,-11.0936485110503,-5.4888182621291,-0.895384047054842,1.34885572110244,2.8205281845289,-13.5985757845938,-9.23972199253357,-8.70590266184727,-2.96290558581464,-1.67173568703956,1.26727257537181,2.56453042614333
"icr038138",-13.5792526232177,-13.177400528199,-9.3067398314177,-3.13940278133562,-0.349895256953353,1.74453193867098,2.46404198851787,-13.0782146943984,-11.3174981452647,-8.77492395105194,-1.97402022377713,0.0513651726996615,1.60678930497022,2.47929228377879
"icr038139",-13.4937554419336,-13.9538804919518,-9.15687685410201,-3.42003577554338,-0.28768207245178,1.72878492787833,2.49291323193227,-13.0692087277991,-12.0198020151206,-8.60790358798186,-2.02133476860489,-0.171965566575717,1.60167773356128,2.44814543438288
"icr038154",-13.1312700021213,-11.5872889399566,-8.77643057749067,-2.6333007206015,0.782492280895795,1.48278036390238,2.46040193384319,-13.1989543669694,-11.0110077838209,-9.14735569222941,-2.68445053745619,-0.422458133061072,1.43881543794595,2.58956457677946
"icr038155",-13.0691237813647,-11.9465857244834,-9.23355195991363,-2.30619786776128,0.74391950593337,1.52804413564839,2.57079064391178,-13.3044886361613,-11.2462349526338,-9.35615705741632,-2.81157701131922,-0.64075581253327,1.45351140689083,2.53806984361163
"icr038170",-13.6929162971795,-12.0560290613553,-9.40237440080707,-5.09266220882668,-0.655119784970706,1.39065812304898,2.79279673177018,-13.2710720799322,-10.9378841674596,-10.4038165607373,-2.66995621007742,-1.62330949080991,1.35097369362988,2.51440297384507
"icr038171",-13.8542686130131,-11.658641510951,-9.28804732627851,-6.08403623359218,-0.754705073559379,1.39659271308985,2.87602430948802,-13.5006525424402,-11.2867665014728,-11.125996781496,-2.9760774862303,-2.37282157322932,1.24210286206191,2.55335908383094
"icr038189",-11.7099263741403,-9.62123447351826,-6.11372996684739,-0.97947070342194,2.29892878179093,1.55879831183821,2.59747828551682,-12.7532675229653,-11.2800915041551,-8.30269039784678,-1.65954730744577,-0.0926090414102543,1.52212292346387,2.43677030038957
"icr038190",-12.4476716498878,-8.63632371536812,-7.29491754481027,-1.9392765311952,2.14463478855749,1.51102726700664,2.52868427213389,-13.5560842242094,-9.95221297259173,-9.53191123004225,-2.59658593396907,-1.15780934818857,1.44705437793748,2.38146020691787
"icr038216",-13.5312051967792,-13.1314530845593,-9.59215144525592,-3.7678848819264,-0.593063722002963,1.35232502474073,2.44213283380471,-13.2185357135096,-11.5859240158149,-9.95276877667945,-2.48957551880131,-0.355897639994237,1.37181689192494,2.43967187616707
"icr038234",-12.982105761263,-13.0083001643686,-8.54867383837667,-3.55463346525966,-0.00664454271866965,1.72109281827535,2.57545498625298,-12.5721234639379,-11.7788108042363,-9.71444040435463,-2.08331859835819,0.0586518845498921,1.49417455245412,2.45951422292459
"icr038235",-13.2549595848052,-13.5557294880111,-9.11343721890241,-3.95029043038634,-0.284931039079892,1.72381155175372,2.45734435383207,-12.7254869194405,-11.8359949337299,-9.79131380214499,-2.32609497043482,-0.312227598177001,1.47941836711071,2.42633117025095
"icr038251",-12.9082643444606,-14.2221458633457,-8.56915747242314,-4.11020352854547,-1.22050210627715,1.15286387108563,2.59056453200478,-12.7432107731697,-13.0273491523248,-8.83316913504584,-1.23821289928314,-0.985272331205346,1.06941950964447,2.51520270039054
"icr038252",-13.6770641558626,-13.6156217277325,-10.5412285392706,-4.80423170552316,-1.37763629837678,1.14719058094862,2.60979156056986,-13.1690155893827,-12.2442271163088,-9.72998599311674,-2.32369753558013,-1.2213567590716,1.19204588335319,2.52628953941999
"icr038273",-13.3432815672474,-12.6221586627765,-9.54599810562937,-4.01856638772212,-0.85377037489282,1.65392092357772,2.66317148462957,-13.020721830601,-11.6064749715358,-10.0187414302587,-2.42370618941834,-1.67750196525181,1.24222802937158,2.46152821440422
"icr038274",-14.5115188242646,-7.7270268410587,-9.70946400654163,-5.55562695514681,-0.0317486983145798,1.67653354406119,2.78184066253728,-13.2612338715932,-9.76156846820784,-10.6095486056842,-3.91776784214122,-2.96414635163232,1.34893728636654,2.1876873762
"icr038289",-12.7887533242653,-11.2691802412086,-8.08152330206008,-2.49258580236158,1.58483875342073,1.44733308533126,2.66488344949685,-13.2965362629701,-12.1035928199358,-9.29717243023721,-2.64372354938204,-0.0901778702797181,1.28326742920208,2.61287140301939
"icr038290",-12.9678250551963,-11.7743399810407,-8.61194876966108,-2.83220146272605,1.16760516015506,1.41272012190807,2.63103557514129,-13.5353856572695,-12.1869878758785,-9.25658809226176,-2.83649453561609,-0.652678977494849,1.30063309065335,2.6263537921808
"icr038305",-13.5622154973466,-8.19614770865782,-8.13981918803703,-2.54678651253777,1.85699999109645,1.78584339601025,2.35388854993158,-13.3888259305056,-8.76827942411441,-8.2354497973007,-1.4635538983066,-1.05561206149298,1.44585673179046,2.29435631108079
"icr038306",-13.7661641728554,-8.20289004128489,-8.5052319996791,-3.05383544423388,1.55814461804655,1.77276622687821,2.66621691372651,-13.4455207696828,-8.21763701308249,-8.53937103646233,-1.69748286340182,-1.60718264331864,1.59200143169763,2.23206757300167
"icr038312",-12.0837137419991,-11.5825192835611,-7.01329796534381,-2.03797596875363,2.22102608480254,1.77620806662981,2.63003683983214,-12.9949971219895,-12.0216234999402,-9.03236479163372,-2.15038121801656,0.00876255298330231,1.47008305735781,2.65692281293917
"icr038313",-12.3748062339179,-11.0968225205208,-6.89096937594237,-2.09343237555729,2.58601707516506,1.64338966025546,2.66027126387177,-13.2902184947867,-12.3567029133988,-9.06888927705242,-2.32367956781571,-0.494249452996644,1.35140751207295,2.60294637963428
"icr038331",-13.5512524026314,-12.4692686572032,-9.96492640764159,-4.80452173004397,-0.676052747200645,1.58884718665144,2.7386576724741,-12.813486485597,-10.8038155052037,-9.6090375367894,-2.50191187217894,-1.02702963640731,1.26895252943322,2.43421981165028
"icr038332",-13.8182544941528,-13.0693001788842,-10.5102850673667,-5.30605697209992,-0.998528830111127,1.5796308307862,2.69754662240319,-12.9963439542826,-11.0661742532332,-9.83761563067601,-3.00653634558258,-1.43396417592422,1.28439019033501,2.42936896718001
"icr038351",-12.6548801290717,-9.59614287394923,-7.50304409990559,-1.96419364049287,2.3475753792537,1.44144376078616,2.57975716513928,-13.1799554791984,-10.8932914274233,-9.31178867845355,-2.4483882930392,-0.227471086320031,1.27093380339718,2.5397880821281
"icr038352",-12.7671782444329,-9.68914474971912,-8.00471533240728,-2.17880086192613,2.02039251282704,1.45189713898604,2.55054158103348,-13.2500899812342,-10.5646821192882,-9.73390975457445,-2.79143986872536,-0.565168372534276,1.37067682072946,2.47110284004158
"icr038368",-12.5961683820957,-11.5329303804762,-7.30811064740895,-1.37053763934074,1.88580622498561,1.84152930528578,2.64782504286857,-13.3981912999662,-11.6132089929797,-8.27350672071269,-1.77984224711419,0.402772940572866,1.60463399801372,2.65464603712146
"icr038369",-13.1170945686893,-11.7361534680253,-8.15762844070286,-1.83002605847157,1.70007518653903,1.84263888937207,2.62945589787282,-13.8825511541041,-11.8215327852714,-8.45852009671775,-2.12192436538095,-0.292872606038338,1.51401835851836,2.60586179858177
"icr041987",-11.952394058857,-12.8222693395285,-6.56175390140809,0.397355589996398,3.02092252238255,1.91490952644938,2.41718205491934,-12.169369934177,-13.997922987939,-7.56573573239603,-0.610068545600251,-0.441215939151186,1.26557131680243,2.4585926554219
"icr041988",-11.9588949096582,-10.8302076430916,-6.353207578689,0.252424943686563,3.75139981109527,2.00972970326204,2.62158363480435,-12.7447965787537,-12.6753869284798,-8.81191066750983,-1.8787495327172,-0.768353722659266,1.38680324980192,2.58518963527529
"icr042004",-13.6059429924372,-11.9288432192699,-10.0549424420913,-2.32528136353721,-0.550647117952662,2.40446954258263,2.87054039455493,-13.4643182061527,-10.9850151543119,-9.18728831601942,-2.85571497629593,-0.723197498603835,1.58334402430491,2.94049415091444
"icr042005",-13.9947936277875,-11.9749127706564,-10.5005705251295,-2.95220391922864,-0.58778666490212,2.64535854769199,2.97019528748663,-13.6604302466322,-10.7304701999177,-9.17609347039792,-3.36010862268026,-1.22417728297059,1.62579295626816,3.00942701558844
"icr042024",-13.5061425281298,-11.9577820655334,-4.51852050011598,0.395539716786079,2.32028467009345,1.90394594995628,2.43926666328912,-14.1803800664815,-12.9135254522637,-5.88905562642285,-0.252536357548007,0.67562371147212,1.3489651149457,2.54978324300235
"icr042025",-13.6757933790844,-11.5380037689051,-5.16777886453161,-0.00251625417532608,2.74345212815313,2.07059192640285,2.48296481963669,-14.2892678125324,-12.5728912967863,-6.72733790116841,-0.95082236189484,-0.0227157748891186,1.46291368457819,2.47800451018625
"icr042048",-14.9033861273899,-16.0111856161566,-8.41729711366173,-1.68537896636888,-1.80280930541464,1.24856617986875,2.47511786445063,-14.4605910300856,-14.0723606621197,-7.59377710560006,-1.26991311521811,-0.524552288414847,1.06212274423285,2.57629872539562
"icr042049",-15.2123346437203,-16.1859533675086,-8.76936710940101,-2.129430712642,-2.76362005225702,1.12938394733486,2.57784247153186,-14.7438217841781,-14.1201279445507,-7.85186941262225,-1.58715870797,-0.960625479694765,1.06148588574336,2.53454778848192
"icr042062",-13.9981918838961,-14.1086765832404,-9.90202972053882,-0.834935340617817,-1.36760222810774,1.44367904490084,2.73302145127775,-13.9848177124702,-13.8711852305503,-8.25158226991802,-1.3650155821374,-0.167837051901988,1.36415014602037,2.63132541439439
"icr042063",-14.5777340956317,-14.3010250989222,-10.5845965460039,-0.998246387037725,-2.13470422035489,1.30634721462947,2.77691871252516,-14.484887238992,-13.0920874435564,-8.05938274741519,-1.50177202300022,-0.380360948866476,1.54394196095835,2.62896551180624
"icr042078",-13.7269154930514,-12.1841148683316,-8.81222733821046,-2.65532519960126,-0.0287101058824319,2.39822700277322,2.48095186345228,-13.3627985564606,-10.8309875004859,-10.399405145849,-2.83321730770258,-1.12456229538088,1.3712598998444,2.78517061361012
"icr042079",-14.0871606611169,-10.9951641201797,-9.15676865565464,-3.56868004277163,-0.615588946214071,2.78080955538464,2.46911090956036,-13.8724980273031,-10.2108972410104,-7.74325590750004,-3.16879257891371,-1.59018413332419,1.69848726627104,3.0390683654063
"icr042098",-14.2101043369301,-11.5755445014903,-8.70645789530218,-2.86211426091007,0.135036283803943,2.37086393374734,2.47323245696515,-13.9389458553951,-11.1786775736371,-8.92773308835731,-2.7971925967412,-0.77983403862836,1.68217516013432,2.88337813991279
"icr042099",-14.1551752704578,-11.1350294161089,-8.36671264165421,-3.46549439190229,-0.312374685042153,2.61055183661733,2.55537874712658,-14.3065432242626,-9.82481912009886,-8.80665213166579,-3.76059018159477,-1.1424141154168,1.78223240632846,2.95976075745874
"icr042115",-13.7423653753772,-15.1273369409837,-9.16057167143085,-1.00786926070816,-1.06289420606603,1.69263685628907,2.81033864526391,-13.3222441625611,-14.3209196319376,-7.53828267226263,-1.1072585846734,0.0992885186970313,1.65569270810804,2.62984590513678
"icr042116",-14.6914236567776,-15.6566374498018,-9.95703228396462,-1.96885759277427,-1.97155257966865,1.58838450323627,2.77855176912803,-14.4044353946907,-13.5855476976813,-8.04363001603132,-1.34663815779159,-0.301408572799527,1.85077574907037,2.6445965956828
"icr042134",-13.9488865217445,-14.6040724982339,-8.35841067645479,-0.369886545457584,-0.105360515657827,1.61247281612926,2.6421524300612,-13.7640047817882,-14.0362387526632,-7.20492557150245,-0.650012087407844,0.248399615035873,1.42808419461277,2.58709515744471
"icr042135",-14.67639584613,-14.3873059322275,-9.68871007925461,-0.966305895307144,-1.06784063000136,1.47590651980958,2.62154575825821,-14.6559446319238,-13.222973744403,-8.18397883283969,-1.29637890130828,-0.418830884999047,1.3304054656897,2.5882622894976
"icr042152",-14.2062721699696,-12.2574794962678,-9.89533703949868,-3.36800702917151,-0.634650973878337,2.62349281307415,2.59613228489822,-13.6411299165481,-10.0469771014267,-9.71951824824455,-3.11188770596984,-0.802455967317201,1.92392805170893,2.79802436591382
"icr042153",-14.5536157586701,-11.8938943482269,-10.2894620454967,-3.66032421043757,-0.97650959186721,2.79578911541022,2.67822941764393,-13.9893306520279,-9.97234469051616,-8.43276852531536,-3.54060648473351,-1.08732287791687,1.9946183154365,3.02700244025975
"icr042170",-14.4565875256292,-13.7896162492981,-8.34517584370285,-0.759579177679522,-0.0312525435041042,2.17290726968551,2.66136686949955,-13.9299795976006,-12.3436883933717,-7.45398050122746,-0.636213866770175,0.486200014363144,1.80380470730953,2.58177651146367
"icr042171",-14.4591418795659,-12.1867566150263,-9.88100790853011,-1.50083868000287,-0.168622712435793,2.38000469197382,2.84314899216675,-13.9441226058816,-11.0246968787089,-9.12287271104274,-2.68803138613157,-0.492997947121358,1.92976940136058,2.69503885250085
"icr042189",-12.325666671716,-15.3394434405549,-8.82904024985742,-1.20554308629125,-0.605285824768611,1.62682965514597,2.58080492568409,-12.3127569831863,-15.2092997291822,-7.26915513741956,-1.29915088420831,0.328552627984145,1.54714533429015,2.50086862541378
"icr042190",-13.5682784252254,-14.9515244574049,-9.90028061933838,-1.44223166456814,-1.61681801973172,1.18947024295931,2.61247906670104,-13.8066608189432,-14.582728401762,-7.55214160212557,-1.93700055740821,-0.368475997369683,1.35897384139547,2.56155613452619
"icr042208",-13.9218231944826,-15.3096639018479,-9.82358434809537,-0.527511430670549,-1.3244189574018,1.78346066641336,2.8680864458992,-13.5157317357666,-14.0107434112327,-7.20230279434007,-1.30902799850032,0.233563090064179,1.31988303081972,2.53075411960892
"icr042209",-14.9407777722284,-15.5411158757107,-11.7096384819035,-0.878370123911767,-2.87638551592143,1.53741932003061,2.65005938024094,-14.4488237461984,-13.9126147757657,-7.84280183766809,-1.81962854702729,-0.660065703667209,1.21554234031541,2.53650662674245
"icr042227",-13.5939176338172,-15.0500464099494,-6.86787443445136,-1.50935694836435,-0.486284514849872,1.54337616175601,2.4745037002847,-12.9334574666961,-14.4987277263291,-5.28777577064286,-0.665120575215178,0.362986401570591,1.38248934862206,2.39622409513919
"icr042228",-15.0041874606205,-13.7752311344564,-6.51178461707855,-1.50548289539448,-0.693147180559945,0.794424134708398,2.60139020765152,-14.7323255201817,-13.5433037109476,-6.25673094990358,-1.52060063293884,-0.56330799111978,1.12348989994201,2.49368244472359
"icr042247",-13.7277793238971,-12.396747989086,-10.3753226157904,-2.25614281333046,-0.786479120352165,3.40026323867036,2.99639650473085,-13.1251197851557,-10.7663949213904,-8.55975113351696,-3.2989344554654,-1.13068072602268,2.39447830473102,2.9413252467668
"icr042248",-14.0353227638021,-12.1786134429994,-10.8821699984549,-2.65757498974269,-1.31928365083693,3.2840618047529,2.78235104193707,-13.6132316454192,-10.5308307719765,-8.53177141232311,-3.83306738596984,-2.0264060598941,2.12721162023436,3.09884627152497
"icr042265",-14.9799286101888,-14.1164785572708,-7.49220742791365,0.0230451023535236,-0.383958902887201,1.45795035002633,2.49239059431313,-14.4786842860563,-13.0310723778999,-5.57862792403556,-0.034436793527616,0.470916561597705,1.39756610574408,2.51585363796622
"icr042266",-14.8484895255467,-12.6357457949487,-10.720031732796,-1.67290257141135,-1.32566973930346,1.55685437096122,2.23434540373747,-14.9550960815408,-12.1757532999467,-8.36273419283289,-2.40949185233273,-1.78711369188444,1.12544372373695,2.59308793316191
"icr043132",-15.4288436234179,-18.3906027733014,-7.50565761765778,-0.354858125655101,-2.3150076129926,0.998894260409365,2.73413164981189,-15.2068203950067,-17.7039960461027,-6.17196019318677,-0.80464390642161,-1.96141149077956,1.23244321762571,2.81813321968805
"icr043133",-16.6883846775326,-20.0305406446518,-6.68489577481417,0.632818665541048,-2.30258509299405,1.15484011574829,2.70001085454279,-16.0381046055554,-18.2870832367352,-6.72663160474679,-1.03828661861372,-2.67577315162141,1.21711083223012,2.72697816017936
"icr043152",-15.9243951989018,-17.4615192903561,-4.21125715453018,-0.0409597429704176,-0.65058756614115,1.17193345058132,2.79898371387979,-15.2961467796088,-16.3964958363119,-2.98714208156891,0.844481369850336,-0.658633208060114,1.36286388773661,2.85251023625535
"icr043153",-17.0098349845274,-18.0248312166819,-2.96715355478145,0.237758563069359,-1.09861228866811,1.19381687742646,2.94369741443094,-16.0133487672175,-15.7386517227383,-3.39335832469427,0.785408159511836,-1.11473374814697,1.14964779169204,2.79012237694975
"icr043172",-16.2974727074505,-15.840230742453,-4.98858452244083,-1.3109985467884,-0.435318071257845,1.30538120511053,2.93307987816713,-15.9471098624422,-15.5203127380281,-3.71011448968855,0.527473151036804,-0.355840143415704,1.53299918685424,2.74188591527618
"icr043173",-16.4986715655999,-15.2123617816951,-2.84238011041437,-0.530622419034268,-2.16781069212993,1.1198896871154,2.56944206438194,-16.7944622011688,-16.0662680143743,-4.29996790533639,0.343160377564039,-1.74779964575669,1.16727934473679,2.64098460602345
"icr043198",-16.4288774104424,-16.6427640661373,-2.87361995689113,0.726993414924284,0.0170944333593006,1.10969037384126,2.64462972441005,-15.5873024136668,-15.6561220521927,-3.10685946478009,0.943434102054226,-0.0518058989860309,1.32906514539096,2.76229336624589
"icr043199",-16.9802262650225,-17.2294288737801,-2.1792720419333,1.44558271559215,-0.499955951529087,1.0430424375133,2.60884355101876,-15.9554064581291,-16.0851260328407,-3.33267424074301,0.732824945096312,-0.81329095625638,1.25913623204893,2.71772473565518
"icr043211",-14.9273018538716,-16.0262918066641,-7.474234781716,-0.162307586624118,0.0434851119397397,0.530404562435804,2.75243466504014,-15.142197130553,-15.9974769182663,-6.4069932123964,-0.754677798253843,-0.682034011130351,1.27796198576969,2.74663573152548
"icr043212",-16.0539006774668,-17.6435984451009,-8.67459563433038,0.0522450393809404,-1.81915844341617,0.491725452392572,2.16566856096216,-15.8535533982799,-16.1948170358463,-7.027156822142,-1.08532420832075,-1.4311676836441,1.15046243465324,2.70336116421468
"icr043230",-15.5564433301252,-16.4030093736764,-4.71728620044494,-0.708568282031439,-0.498246841559132,1.35610531999696,3.02045595603609,-15.0076371486974,-16.7546285748955,-3.50312369125079,0.774888174941109,-0.797313973048867,1.29111185628668,2.78013629895568
"icr043231",-16.2791776965418,-17.7284964424166,-3.82219556441525,0.653522532319048,-0.887303195000904,1.07574150205075,2.74240550342203,-15.8142066702579,-17.0947184680753,-3.78671226176384,0.606638508526816,-1.44798630075915,1.158133364297,2.78458175323768
"icr043248",-14.5956122736028,-14.7735242671033,-6.36604750159984,-0.546751311870485,0.709676482511156,1.57464262578071,2.88072044367339,-14.7355272050317,-15.9606994454606,-5.29645153313263,-0.532692077074212,-0.180303170411235,1.72459246373743,2.78289995149511
"icr043249",-15.2727373061978,-14.9647508938834,-6.29377778034492,-0.618582762540631,0.356674943938733,1.57936045719682,2.65243936056003,-15.2903355496826,-16.1047982999,-5.89403212615466,-0.988522722154517,-0.734748214097223,1.58001562784219,2.76890340374768
"icr043266",-14.7446179540074,-15.7614797782698,-5.1623365766661,-1.50242455360177,0.670504703810186,1.77751711251251,2.85543432433348,-14.4229437073404,-16.0454976989315,-4.69590886940953,-0.204931853758906,0.222492452462619,1.62610743296825,2.7584148457197
"icr043267",-15.7922834357035,-15.6114656223936,-4.10547429419458,-0.196331329541147,-0.143100843640674,1.68466133367169,2.75106977916595,-15.9410925216672,-16.1778390147299,-3.71930543881372,0.449503977274139,-0.628698584327054,1.42444936599779,2.75778167000692
"icr043287",-16.1128055644417,-18.013916251525,-1.6928113162121,1.55603796711589,-0.540384426007535,1.45259544094113,2.6037019044593,-15.4072894318913,-16.4603057036485,-4.42032400644711,0.525776614340601,-0.67157151638933,1.81567599651098,2.58145672516398
"icr043288",-17.0462205578094,-17.6215960983168,-1.15880821146548,0.515404936511365,-0.492476485097795,1.44629959610946,2.28051932039613,-16.0422197024706,-15.5247424903172,-5.28130842271259,-0.125306891902605,-1.55516056990705,1.74043175481984,2.51382883988857
"icr043299",-15.9033295350105,-17.6964357611828,-5.82942140088968,-0.466057023838789,-1.84176988980272,0.989387070153033,2.75211019089624,-15.6704142735624,-17.0106837279121,-5.70007839400717,-0.5788161667779,-1.54215600442335,1.2230795945186,2.81625210293371
"icr043300",-16.8788533253093,-18.6989614103243,-5.5747099551658,0.297460981980427,-2.17853244432407,1.05908144991147,2.69178212213703,-16.2662119080696,-17.107528710294,-5.67840758481028,-0.574351731883222,-2.09940025700766,1.25248204265246,2.83566544109405
"icr043324",-16.0511624381915,-18.7168290868258,-0.839959779612935,0.609212432459387,0.409899705176029,1.84559683186038,2.41104696377153,-15.4138030171979,-16.3677254596872,-3.65843685426196,0.690147615918348,0.37858213694001,1.66884223741967,2.74606753430233
"icr043325",-16.6960545600102,-15.4893541412699,-4.64637834861777,-1.65747130837002,-0.6554068525771,1.87016417489735,2.25891396277503,-16.4049957021564,-14.3965315667854,-5.68716331990106,-0.212839671471491,-1.17981983585011,1.08442329385277,2.70696448405331
"icr043332",-16.9230334420357,-17.8935103467152,-0.747130501923174,0.246958217883002,-0.0465200156348935,1.44750122458305,2.63217947444807,-15.7527540848733,-15.0669435457354,-3.11065935919873,0.849772500570721,0.540583187124364,1.79578605836743,2.88077025097254
"icr043333",-16.9854281804532,-17.3130190699242,-0.781922471820561,-0.0685160500368713,0.0150378773645397,1.61435192723653,2.45488563353314,-16.1701351340976,-14.6430606759009,-3.78309135544221,0.534177130719001,-0.17372885272527,1.68716064245689,2.79548583878257
"icr043347",-15.4109639426626,-16.0013145770353,-6.83071032296314,-0.929143449500949,0.0723206615796261,1.38797080744714,2.8609460692409,-15.4702884518386,-16.0642993522549,-6.1584377667587,-0.361801251262196,-0.218263175527176,1.45832192954326,2.78470576180944
"icr043348",-16.1021719262911,-16.7035433432678,-6.01010459231398,0.141749634921391,-0.559615787935423,1.19332024020973,2.80700091617524,-15.9649776233047,-16.0810784723597,-6.20852399823164,-0.380284241053872,-1.17057689294685,1.2018177098278,2.72350725773249
"icr043363",-14.4321078298739,-16.4716779151867,-7.38784356768664,-1.19830910681656,0.37729423114147,1.56462389664431,2.88613717576458,-14.0331526754249,-15.4727360449724,-6.9228860327639,-0.571146682621609,0.076506507211493,1.45082039863973,2.71894533897296
"icr043390",-12.7863290738513,-15.9436429171931,-7.64122308939873,-2.93842155336203,0.0142859572474752,2.83708046084594,2.67803342437202,-12.9925152779867,-16.6027738987503,-4.70857968255449,-0.51507671862439,0.218803725408786,2.04812944819911,2.68188259592107
"icr043391",-14.736434792468,-17.7470109785349,-5.14086369462696,-0.497007025613843,-0.877240217002281,1.49629525633422,2.7992209644842,-14.9693611916266,-17.985011152358,-3.68838292285851,0.413036296692688,-1.43786742306072,1.34678148975001,2.65857464207109
"icr043401",-15.4967452086675,-18.4397792604822,-3.34157587279678,0.542996409604075,-1.04001812440206,1.25621720336346,2.83269476495131,-15.3494089934818,-17.73973635039,-3.78593934309096,0.367547097711861,-1.20924286064343,1.35138571782078,2.71660038505401
"icr043402",-15.4683543785851,-16.9205296899436,-1.39875571449849,0.354630163688403,0.825318953668429,1.49585656363142,2.68315315102386,-16.0309992808317,-17.7364512247205,-4.39158776076858,0.139900882620952,-1.89904160564554,1.24323876406282,2.65305644390251
"icr048977",-14.2517851248978,-9.66569429129166,-7.9434844246416,-2.84081663471609,-0.0974553361507144,3.63077182330666,1.96790016694693,-14.7000872667274,-11.4894463834441,-8.11597673597069,-1.87483257074298,-1.85016281969005,3.03228539290755,2.83641430601804
"icr048978",-14.6681782767112,-9.9335407474577,-8.40209809157869,-3.10323974584516,-0.739667196194837,3.67261893324216,1.37900982870526,-14.6879653219553,-10.1024700617518,-7.39975310813371,-1.54529799004467,-2.25162128814713,2.6582878818514,2.55731112888667
"icr048985",-14.5028265800668,-10.1026544403862,-8.08712560826912,-2.32525057678117,-0.0188684843043827,3.8828593346927,1.48807705542983,-14.380636144231,-10.1159432132762,-7.18888448915448,-0.873054246920585,-0.862736141248297,2.70867595506049,2.62624934353564
"icr048986",-14.8601772056314,-10.475340742792,-9.03031064291941,-2.31862683295308,-0.542324290825363,3.43737703823966,0.803778815058704,-14.8232329258151,-9.69415969648207,-8.42401324822711,-0.766040239612643,-0.837553066967834,1.89278964703282,2.43600470033724
"icr048992",-13.4530499957472,-11.8576928443443,-9.37078354843583,-4.85281695471908,-1.81474898745275,4.08830224776614,3.59662303877365,-14.2171959451706,-13.3817037648575,-10.8941901297406,-5.22052832893498,-2.7447262173759,3.30146827544249,3.11528008674612
"icr048993",-14.0243629299872,-9.86164507213556,-11.8295785262649,-5.65779042502565,-3.61391641564048,3.1713348800992,2.43818971666847,-14.4638521591324,-10.3725322971169,-10.1863833994144,-4.19322135905676,-3.47712383711655,2.21126017339991,2.65863408884221
"icr049013",-13.6750121970725,-7.52891580468856,-5.73835721194922,-0.552957755359424,2.25746465771357,2.43279973299257,2.26155882924624,-14.6245013201362,-10.2765336808622,-7.79896285012345,-0.934774179391757,0.00878080133419079,2.20531228525699,2.28114284243942
"icr049014",-14.1605963889423,-7.85497837739845,-5.80050103163921,-0.332976766595213,1.61975487940503,1.86914613284347,1.76603457798962,-14.9452866896569,-10.2107126443298,-9.73478214565557,-1.5068410077328,-1.00730480024231,1.6625110180801,2.10390265998146
"icr049022",-12.510089199709,-4.78331007436253,-4.12553013093765,-1.51259669382247,-1.5923434790748,2.23049406383953,2.09183728110502,-14.3623976218469,-9.80284050205192,-9.08311126652189,-1.79474862250776,-1.08719713344202,2.54362001653551,2.1726404422366
"icr049023",-12.6319026042639,-4.68977270804258,-4.33292463207074,-2.07196844725359,-3.2110017684373,2.24997357237122,2.19497738537931,-14.3178457672524,-9.59754109824997,-9.32956751999853,-2.83349709738765,-2.01520892303286,2.81373318918442,2.16747791269713
"icr049044",-12.9437936357943,-11.3084435782014,-6.34949251623996,-1.14628777912026,1.11591375830386,3.14563064364272,2.34211295975726,-13.7284768846137,-12.9778356886696,-7.24086100581651,-1.21392590655961,-0.00807614456530326,2.74793007241967,2.43033556054123
"icr049045",-13.3153242313454,-11.1309799183438,-12.0128311510139,-4.43374386890491,-5.1191907006506,3.75463083167672,3.88115446116076,-14.8568332525304,-17.3723012490817,-11.837879484906,-5.72283107959296,-6.37854814055674,3.35273884665485,3.29255452675349
"icr049056",-14.1092619552185,-10.477546785562,-7.47451374714141,-3.40721668677041,-0.116971676585504,4.64088826859017,2.38633269152312,-14.6108307104092,-13.2816642966223,-8.75744000826165,-3.25416179470691,-1.60912241323438,3.76375728042323,2.9057159794273
"icr049057",-14.0436656443835,-10.4548571100379,-7.55206227016591,-4.38460687718463,-0.933532538308661,4.81624115606803,2.98428848669369,-15.1202563307083,-13.3662339707639,-8.28902545538625,-3.56530016377871,-2.83419973458652,3.93917447053935,2.9953364741793
"icr049068",-14.3923856740736,-8.72162872472147,-6.1589925977443,-0.260525306482633,2.68677280265493,1.56717810314422,2.29649723537454,-15.053667171113,-10.3413723793547,-8.41175057921912,-0.587230269179442,0.136517331049831,1.21333603395226,2.34384188843359
"icr049069",-14.9853943190024,-8.35029176402398,-7.35403212748137,-0.707312438332875,1.86214026598986,1.68193341447225,2.05526962683619,-15.1639277205796,-10.026046062804,-8.91735269944834,-1.09074004099604,-0.624853978946418,1.23477668058315,2.32097323727654
"icr049074",-15.5454246632596,-10.1432338591116,-7.34001014866256,-0.723480950566933,1.6031682994205,0.984805401391365,2.08922498798891,-15.3953211945363,-10.2357886278369,-7.84275604864073,-0.668002482189252,0.185491638001877,0.981518593457017,2.39593836950788
"icr049075",-15.1799708107842,-9.87750376220954,-6.96467625887716,-0.921533875942553,0.536801110169252,0.97480150721421,2.21890766982417,-15.3807870290396,-10.862979637675,-8.02628331509262,-1.26338108276967,-0.20744207394642,1.16429184791843,2.31826098385198
"icr049098",-14.2062968002023,-8.03919075889252,-6.16417773828736,-0.717298280836151,-0.0530427359844801,1.46789774019877,1.77754122022578,-14.772569947315,-10.2949130710814,-9.26654448912468,-1.14764481187838,-0.778564126204529,1.24914311011101,2.31123995148313
"icr049099",-14.929090281554,-8.99573482268815,-7.93016336113383,-1.53164608899362,-0.109562202511526,1.73703456953881,1.65809760494832,-14.9834174268734,-10.045060796271,-9.71451427351837,-1.89119008227286,-1.41592426659904,1.39410950604333,2.24240973146729
"icr049100",-14.7437461741547,-9.63739353689263,-6.23620599330979,-0.138925474215031,2.09746004718251,1.49489637070189,1.91539175112184,-15.1944113799647,-10.809051698472,-7.95424581192099,-0.880989756299851,0.0112722440221034,1.36524662705389,2.34541631356869
"icr049101",-15.1917391337606,-9.73541316774775,-8.2125599527226,-1.05186554973255,1.02799472145416,1.60216515310502,1.91404904698633,-15.4626950323506,-10.4653509830699,-7.80689274860112,-1.21953162879156,-0.394563449548285,1.61203817327234,2.3297363643654
"icr049115",-15.1000274170093,-10.1168726293343,-6.98276324274695,-0.513374508067369,1.74296930505862,1.32913594727994,2.2742888163156,-15.1440395383172,-10.7443225780181,-7.67590748343496,-0.472580516870725,-0.107904640739961,1.05640731876717,2.39269550566021
"icr049116",-15.4072053767383,-9.97778391703046,-8.9713701834627,-1.69384262676806,-0.17185025692666,1.18302963048069,2.04022082852655,-15.2069558857966,-10.1013663648314,-9.20779265966881,-1.32165551200043,-1.20188073102052,1.01007205735643,2.30445960080109
"icr049130",-14.275506278997,-10.0743728010803,-5.1226175117543,-0.236903456600168,2.21816775118146,2.09251362324719,2.47224825291608,-14.7889112123857,-11.0623378152243,-7.24349041792037,-0.22409620503218,0.578742783885481,1.64431461153283,2.40599851613476
"icr049131",-14.6881763943511,-9.71950113061917,-5.70253084406682,-0.832201805358043,1.83859076891216,1.62151049366837,2.20753394699508,-15.0503732371933,-10.6974716177003,-7.96831471967127,-0.686689803910996,-0.438718568344176,1.21080614747216,2.32730311030415
"icr049152",-14.2133236266654,-10.6430545478993,-6.68063700523759,-0.415439120701336,1.75735804251072,1.71066619080702,2.49269336363434,-14.4389041609543,-11.6144305508644,-8.11284427690129,-1.00320518541267,0.205696390810346,1.92120520332468,2.17438429984032
"icr049153",-13.88381460156,-9.08967749764853,-7.44389719376063,-1.28906002699254,0.960461950187293,2.52860634413587,2.22758860131326,-14.3540522622328,-11.1033428575477,-7.68678681204007,-1.78059929753626,0.0835009155638287,2.77172508305079,2.14215068131807
"icr049156",-14.7672396234389,-9.73090586103305,-6.9761308175126,-0.380590269348865,1.9072723563499,1.54929955369557,2.26501664538288,-14.9104280385766,-10.8664340601753,-8.94446202671703,-0.987072650369876,-0.119636626484597,1.51780516270611,2.23456736738358
"icr049157",-14.3970299158506,-8.6144083936652,-7.10502804850398,-1.38562911689962,0.494516885724066,2.35251226695055,1.82416971337881,-14.7580666851135,-9.80783480442337,-7.88576298683292,-1.50196002685395,-0.579142545918868,2.46392148128535,2.19602860024397
"icr049174",-14.8834331531801,-8.22298176432976,-7.16091679557221,-0.693048926831768,1.62569843330588,1.43798950401596,2.15166610023695,-15.1462087784186,-10.3156968259297,-8.73946476477377,-0.77796627753925,-0.144118445405538,1.37231598883379,2.35444702177516
"icr049175",-14.9040050286005,-9.18303396975981,-7.64902582824318,-1.42948620816901,1.28785428830664,1.89711998488588,1.90089193190843,-15.0471264320615,-10.286842260029,-9.02573844776344,-1.53205967026691,-0.681477917043959,1.61637844208504,2.25247388535378
"icr054437",-13.6088661943666,-15.6727765993441,-8.52697744409188,-1.9921527424462,-0.832909122935105,1.48911357934904,2.65998542375673,-13.8465913287443,-15.439354540821,-7.68832947618672,-2.67033098569068,0.387168026061234,1.72326465557487,2.66459323672576
"icr054438",-15.0311906390721,-15.8655407498649,-8.3062763985431,-2.58495630322157,-2.04022082852655,1.56260661275,2.49099871883854,-15.373408161934,-15.0126805145001,-7.60261452812563,-2.19166546778061,-0.25400657838227,1.62794785506096,2.69368275724606
"icr054456",-14.3631154997027,-15.5042219836883,-6.96997526969347,-0.615575367899056,-0.351976423157177,1.28366580050789,2.42373781347291,-14.0340067716405,-15.0303619082276,-7.00205732127401,-0.846491253800181,-0.306232773590401,1.49502359434788,2.49594668414494
"icr054457",-15.8362471755763,-15.9880400295101,-6.41446772763465,-0.379023928203363,-1.78058616862993,1.31069162037694,2.22107621209615,-15.3032230108505,-15.1746962395397,-6.55662696788839,-0.423272108708956,-1.21357317906796,1.26067512379553,2.55457657695672
"icr054469",-13.7630119313579,-16.1421629649956,-6.56337315410234,-2.3784870478191,-0.883887307819496,1.64665150877453,2.53084882342437,-13.4780270156524,-15.8006643025599,-6.68099020215012,-1.81636368699609,-0.753249585805756,1.43491556753119,2.59947465375003
"icr054470",-14.5673134983752,-16.4453369488315,-7.11521384949413,-2.6053838675423,-1.38629436111989,1.94644505144838,2.6414097947034,-14.2892786470509,-16.0580369854092,-7.20355957623604,-2.16481926333934,-1.39559478717662,1.46426824780732,2.65075493996064
"icr054482",-13.2415764653667,-14.9859552475458,-8.36284327007822,-1.17603108578131,-0.170221149859868,1.65562729490347,2.62551521278661,-12.9815157776464,-14.9920502762779,-7.36376832590287,-2.18576534681699,-0.456118139989844,1.73816848628956,2.53635495957857
"icr054483",-14.0981986134035,-14.8605266898625,-8.3196005416957,-1.28547155745693,-0.971860583028965,1.40179854765586,2.6583909212508,-14.4386390805845,-15.3609951061333,-7.26413619353287,-2.00761376684326,-1.28097950374067,1.37186452645116,2.59867521980346
"icr054504",-12.2776179324681,-15.5504296963958,-5.61995454128341,-1.32559019542359,0.25365909524016,1.34652630257801,2.53648271606848,-13.0451176740903,-15.7924088314494,-6.10159456027037,-2.05411046838894,-0.214978456834744,1.22078680999885,2.6926174003467
"icr054505",-12.9181421693081,-16.311169708299,-5.76968008181863,-1.46890190096773,-0.0948341026708395,1.21795904630068,2.52832032432473,-13.7716112829985,-16.4941805441006,-5.88890596478595,-2.23186299597317,-0.794057272305344,1.20457517498875,2.70654315312034
"icr054515",-13.0940763046014,-16.4600220283081,-8.03896989665279,-2.39156121437611,-0.207639364778245,1.78657811048606,2.63038357901632,-12.7502755038476,-15.1146970118018,-7.7411887016196,-2.41659842649393,0.00560551455699732,1.86905766944902,2.54103227812315
"icr054516",-14.070142698517,-16.6092130584425,-8.54660827621157,-2.72209950210119,-1.09861228866811,2.04947436460735,2.56318254609561,-13.8334088642733,-15.2312114638635,-8.32271791736359,-2.66831074057443,-0.808327815253285,1.7920599267136,2.54831846053791
"icr054529",-13.0739328969698,-14.6258893047856,-9.02582514260568,-0.201992390828581,-0.980829253011727,1.48637781967687,2.57476297890986,-13.3092364618507,-15.018644473977,-7.35638322530544,-1.87375923656798,-0.182337547247622,1.6099269669834,2.60702524086836
"icr054530",-13.9529336750393,-15.2583238063336,-9.57065969232152,-0.465908433558166,-1.43508452528932,1.4305334934539,2.74273784377631,-14.208810784131,-15.8499021308599,-6.96656493038609,-1.69441490282794,-1.37393850728517,1.4453954614041,2.62543403316604
"icr054550",-13.5946792254437,-15.4387337288792,-6.19262456372176,-1.40509119676438,-0.503526321284378,1.40330570694643,2.66929125495648,-13.5380586525052,-15.1280767587934,-6.0810866390679,-1.31028768972367,-0.438617348087151,1.46318847285269,2.58497152588659
"icr054551",-14.8310042156211,-17.3607074838126,-5.24565201939891,-1.63939053627623,-0.623467259921954,2.08337081981973,2.74940899455454,-14.6240397690301,-15.5530505156807,-5.77144926897188,-1.29755053591067,-1.11161771363608,1.36438813558931,2.63293183822596
"icr054564",-14.2997990815406,-15.7525990993826,-9.33139850601075,-2.34164909704741,-1.49290409617815,1.53485596918374,2.70572145185063,-13.8881992324018,-15.1705830408571,-7.21150020456048,-2.73476416373627,-0.224830241656119,1.6345152451379,2.58927327727432
"icr054565",-14.762897838309,-15.9156637745689,-9.26088213916463,-2.61038790883594,-1.69167601067107,1.48556843072131,2.76786334503875,-14.3957912072273,-15.2771612472221,-7.12635557832563,-2.56237442512847,-0.882199228684792,1.41514004731883,2.53040067852443
"icr054585",-13.7757453752361,-15.1810077127998,-9.17557167423657,-1.77973225845994,-0.906240396020653,1.63698786420233,2.65015622268331,-13.4379872595941,-14.5379340324874,-7.46508375499929,-2.23736889464577,0.408828385476149,1.83371166119993,2.63995548756649
"icr054586",-14.5775294944307,-15.7492217240936,-9.46934606148278,-2.5549949359423,-1.44345277495984,1.55437813525107,2.8507719372513,-14.4619783159859,-15.074152816909,-7.67824751931078,-2.50306441385456,-0.330309675428884,1.67392642349466,2.71991635717838
"icr054606",-13.4810004273841,-13.073611991615,-7.50155842179441,0.371992021393789,-0.0336732151065888,1.17580192735924,2.59270559630536,-14.094644546389,-14.3733655332877,-7.75733119266759,-1.92496163257703,-0.776684172011079,1.35015989335655,2.59282261500796
"icr054607",-14.625035115967,-14.871053375587,-8.09624301065624,-1.34556406100195,-1.70869287052944,1.33711712514381,2.56597361976221,-14.7173908889145,-14.6795413635549,-7.51605028233898,-2.00994652123168,-1.3573872236527,1.25505484673549,2.56941202005913
"icr054618",-13.419085697814,-13.9085014651864,-6.96875435446228,-1.64658945024622,-0.12078153865264,1.67225589732322,2.54759879508613,-13.6033566783537,-14.7699496637646,-7.63416020001061,-2.13733569875036,-0.221482065461785,1.8036001802944,2.5919260706463
"icr054619",-14.2925309728701,-14.4443145674307,-7.13407691304736,-1.95697175987641,-1.15160481880862,1.38503728992984,2.68038621859587,-14.5384443739808,-15.5170034904017,-7.23345794536195,-1.94620426760803,-1.36716520781345,1.53894303124516,2.5674696110051
"icr054641",-13.6478088184122,-15.3713122627267,-7.09140782145556,-2.35700609180693,0.368560551172713,1.82469014704107,2.71219546626261,-12.8572757012626,-15.1174327189525,-7.37419661707531,-2.27098462392892,0.0962706848311687,1.72167724018807,2.66534113748897
"icr054642",-13.7102998532394,-15.5960967447211,-8.48810440706754,-2.12293541983484,-0.808660067681791,1.4744427478966,2.51582012225347,-13.4988900333853,-15.3899028725955,-7.87854596008848,-2.5841837873412,-0.200412502985142,1.74745135989127,2.62472732192464
"icr054656",-13.5003857262773,-14.4236536960585,-8.13677474151039,-2.40970062532547,-0.483629880957499,1.5813917937484,2.83273910322784,-13.1153541657879,-14.2932690958764,-8.43108723770896,-2.26407485900726,0.112339830368324,1.65603509980243,2.62144037913459
"icr054657",-14.4754424600175,-14.6718768010246,-8.62692904202889,-2.81830458439811,-1.83827948486295,1.01726664921416,2.6937519878263,-14.2929688567138,-14.2403610633763,-8.54790073917487,-2.20935877304056,-1.07370697159518,1.47559077987119,2.5721158462917
"icr054676",-14.2159300178862,-14.9722080326388,-5.89326489527447,-2.40925467330454,-0.687030953542509,1.78749051930848,2.74791128996444,-13.8004265264658,-14.6848343598313,-6.77845600668894,-1.70965799445221,0.112138424946536,1.89921049784632,2.60543613869216
"icr054677",-15.1228012984777,-15.5833434751433,-4.90260408700372,-1.46113375650703,-1.3202042492909,1.7127374822719,2.68644756766978,-15.0811156673496,-15.7037771669843,-5.75660908572545,-1.02097499270336,-1.54454535701238,1.28656872818878,2.5709649602186
"icr054697",-13.6575360410574,-15.7084587918384,-7.65379543429351,-2.22365553914251,-0.316120007772314,1.84432839021227,2.71446803051508,-12.9038613217788,-14.9183338458472,-7.44369815034483,-2.36687638470529,0.189269766148437,1.85306437018406,2.58932148720549
"icr054698",-13.8129088554798,-15.3387025535333,-7.60613935256437,-2.32614901534922,-0.400888441080754,1.80646561661775,2.82449809234166,-13.1565758879018,-14.9324675563648,-7.43211195011067,-2.47270478942263,-0.176268811275308,1.86653988583908,2.56339227955184
"icr068101",-16.5837686609194,-9.92485616305524,-3.9149536060369,-1.24199958906911,-2.70001802940495,0.965946322320017,1.63677175913514,-17.4240017314276,-12.4399743996862,-7.07264599972136,-1.20467617250503,-0.889346259662398,0.825565296738767,2.65050991338034
"icr068102",-17.0015416869324,-10.3752200488639,-4.82276573298306,-1.5640982624035,-2.68557734525015,0.985671877487514,1.58324758018191,-17.6420829243897,-12.1348229108157,-7.30495252213596,-1.69801447884032,-1.21561027812367,0.829561705373675,2.59495906290751
"icr068131",-16.9115026974973,-10.96614257329,-4.35515515820206,1.55381609189108,-0.347196199984189,1.07275890984178,2.68207471469895,-17.7161438568612,-12.7732195492908,-5.3104729191375,-0.446282938830745,0.138123169853136,1.22936928433333,2.63325221778995
"icr068132",-17.35513886176,-11.5867252643738,-4.60535941078166,1.14403183007665,-1.07158361628019,1.13557007744154,2.34480061152139,-17.676786495207,-13.3439701145643,-5.49050070154917,-0.384730493571871,-0.522474601630482,0.905448142120654,2.65947696047955
"icr068149",-17.4414095827896,-11.8042666009367,-3.30737333897558,1.04629240067932,-0.182321556793955,1.10190718456496,2.8662742063171,-17.9034657709239,-13.4501848617269,-5.28785482909237,-0.799229030970654,-0.0479032229557009,1.08655440676638,2.74020688927179
"icr068150",-17.4581514420499,-11.2872823877268,-3.93659433028869,1.16131987036745,-0.750305594399894,0.960990910792063,2.40576932922928,-17.8316684647868,-13.763572588546,-5.43765824111558,-0.661175643503572,-0.796994220788194,0.777071493409259,2.77577118446208
"icr068161",-16.5738921517833,-13.4688556414995,-2.93023243610966,0.658464359755314,-0.0629138254105701,1.22019563983282,2.58947003507281,-16.8920762473683,-14.6156121197674,-4.99686284441817,-0.400568574921379,-0.821457148775338,0.922721512119578,2.77722514877951
"icr068162",-16.6886478901279,-13.5971877436871,-2.99333456844639,-0.12382014131606,-0.507247802418107,0.909273159215509,2.6335944935716,-17.1771160259951,-14.8127722752345,-5.76885500813032,-1.00665074262527,-1.5697528319022,0.796307068247953,2.74395727573159
"icr068181",-15.6797936310585,-10.6566747105368,-6.13659776134902,0.461953962582017,0.143100843640672,0.913620503318276,2.45870427739398,-16.7757500691205,-13.5450498649365,-6.14914933550972,-1.12424319728174,-0.420099598074584,1.07445731608887,2.61602714366821
"icr068182",-15.9019026269548,-10.1778427812088,-6.44877624322173,1.25433404019127,-0.382992252256106,0.952161358142154,2.41757126417751,-17.0485136743892,-13.5201187735095,-6.39862088653619,-1.26775316566765,-1.09003194669065,0.955928718554038,2.62270990778781
"icr068199",-16.0719043977254,-10.5535339046286,-6.44077534099582,-0.932875636309976,-1.01637419043114,1.52638315429057,1.61608245515277,-16.7546238425653,-12.5836208869548,-7.51946217238228,-1.68399516258272,-1.57382723911717,0.852448079581385,2.62508940564315
"icr068200",-16.6379107517328,-11.6232456407869,-6.17048402446054,-0.447952294633231,-1.08518926833597,1.42470380923476,2.06417406954905,-17.3176233403724,-13.604429064343,-6.83563807291726,-1.47619968079719,-1.83798968490508,0.665973816590521,2.68148088348928
"icr068221",-17.1907121816983,-12.4472771926092,-3.54679403984753,1.20947092698134,-0.680243775724037,1.18157186763677,2.4932649074022,-17.2802177684109,-13.8598332993993,-5.77894137155219,-0.824846414516723,-0.739242271618,0.873707353164313,2.80193669939533
"icr068222",-17.7361777341565,-11.9245157682751,-4.46052664910401,0.784407895488844,-0.631271776841858,1.17411984117626,2.42086183391842,-17.9239518543395,-14.0232739844199,-5.84303746428741,-1.07987147193153,-1.17447308612003,0.895108539997718,2.7566459749668
"icr068239",-16.5336456554453,-12.2805767533361,-3.63832143031239,-0.361191789359012,-1.04020152651169,1.23681157597294,2.52168005578226,-16.691480353993,-13.598439700098,-6.26148692975967,-0.996234435007519,-0.99743987066622,0.774859374791606,2.70712129097867
"icr068240",-16.4621893440272,-12.2525533140877,-4.88591258218338,-1.3679178721896,-1.468986076965,0.965887673013528,2.54659320152032,-17.0164333832081,-14.1595666658235,-7.1097188653537,-1.53603922542982,-2.00786318035115,0.777570451690134,2.57979097006242
"icr068265",-17.0942949057429,-12.9948185389762,-2.5204428663924,0.493442601869129,-0.370373788296895,1.28473416097039,2.54374714981093,-17.9627846762621,-14.3528709325274,-5.08406013460943,-0.718757270437324,-0.545665850193635,0.966340222785485,2.7176964847305
"icr068266",-17.5179114711962,-12.9932026175364,-1.76968104694465,0.905467962069494,-0.916290731874154,1.28146029980431,2.55389952127495,-17.5262595429773,-14.6032312705211,-5.54999004085705,-0.733705941581173,-1.53668149861388,0.721839296517654,2.73675837878931
"icr068279",-16.8983762007043,-14.0838922628445,-2.74496644254144,0.344432788187527,-0.31015492830384,1.16878649520089,2.58147865941275,-17.0297957962571,-14.3850569330146,-4.66493835006302,-0.134271929402592,-0.426603820942455,1.04192291805197,2.78772254982469
"icr068280",-16.7962659943161,-14.3049576668416,-2.90752948330906,0.282859088020039,0.251314428280907,1.23659803164201,2.65075655161394,-17.3348958313702,-15.0203931203059,-4.88058944103763,-0.263830063478101,-1.15169317316442,0.962474261613851,2.77046777094546
"icr068301",-16.3713729247879,-13.1139872025275,-1.64444934821223,1.01394563019928,-0.945849534115698,0.943441720940106,2.53405211685689,-17.312445675257,-15.1131560600728,-5.60972975414319,-0.398288787070866,-1.0374429287815,0.806545569404175,2.72328531857506
"icr068302",-16.8139072225844,-13.2162581379392,-1.93279986957048,0.722745237722975,-1.42977947305963,0.797046775578098,2.87382141195249,-17.7926211449579,-15.0362896246442,-5.48191956130414,-0.331295496720028,-1.25819052474677,0.790935234729815,2.71565223554399
"icr068321",-15.1317978603558,-11.846043958597,-2.84451017580232,-0.0298033491149905,-0.453006052877166,0.725304292194476,2.49914587440248,-16.3683946640258,-15.0233740496057,-6.85658597504153,-1.17333934777432,-1.38596772196259,0.829946657405129,2.66357028752363
"icr068322",-15.2750676185324,-12.3110109042938,-3.38178386739582,-0.479825625181505,-0.780520810768534,0.675236253993415,2.4614863755799,-16.645611512585,-15.2015021997627,-7.18085237893231,-1.42100017587782,-1.84835932095972,0.87722067820262,2.61445488138635
"icr068339",-17.2777063943768,-12.7478038424287,-2.19273631565764,0.298604986341136,-0.0141846349919561,1.15565422705513,2.62281441701232,-17.2559941746092,-13.7910147743856,-4.50936237624679,0.251378585277755,-0.293078510856039,0.905726982830559,2.88721760368056
"icr068340",-17.4079216662543,-12.5722714581147,-1.82007764070907,1.09614205962837,-0.731613461387742,1.18694554291566,2.71634900391691,-17.6972326790593,-14.7284151353394,-4.66742464250775,-0.042639759879475,-0.889668679985898,0.744259167643029,2.85138711937916
"icr068361",-16.3732724711313,-12.5633578368482,-3.17044893052557,-0.116786340353048,-0.475058399907359,1.09861228866811,2.52845995361975,-16.8012522318586,-14.1917392328888,-5.44235957543109,-0.224178325429999,-0.26821911652276,1.05010640644592,2.77482258592136
"icr068362",-16.5417950527975,-12.9158862105687,-2.81814978885638,-0.405518756617459,-1.75972011548344,0.977005156573323,2.61739583283408,-17.3955396614453,-14.8462138225177,-5.63957191837024,-0.282748094143718,-1.06095076413365,0.89296065408404,2.71837463278204
"icr068381",-16.8350237192173,-12.7166775194157,-1.36364607879476,0.175668995845111,-0.933288308242725,0.999178391679923,2.61048987256335,-17.559865637005,-14.6427990927648,-4.73850833515606,0.228891853584231,-0.256128765997169,0.832157792362317,2.84598216752068
"icr068382",-16.8290869752516,-12.4120739488807,-1.19814861956534,0.256678408797912,-0.908468006192946,1.14267227846214,2.67021249739505,-17.7199397817186,-15.2422691974895,-5.28755892103734,-0.325779244952455,-1.06036876137924,0.881429305389017,2.75269380405008
"icr068399",-16.2300762403715,-13.4932395113563,-3.34994823590411,-0.0419032744985337,-0.570544858467613,0.913620503318276,2.62009386774649,-17.0099005522905,-14.550975043165,-4.46845197767355,-0.0661092492133382,0.0392520486053387,1.25645943293344,2.71053709146325
"icr068400",-16.6322359560188,-13.1129021391361,-3.91695793227409,-0.705515951747156,-1.61655538020296,0.991341833400812,2.67674774120805,-17.4213565817348,-14.8903094185716,-5.07701375972895,-0.500199597368184,-0.874959740624567,1.14583854792693,2.64243782050208
"icr069789",-17.3767671894389,-11.3869956724528,-6.9924435964607,-1.97245768215432,0.251314428280905,1.09247730010059,2.96458554455715,-17.0030462656277,-12.7191783927301,-6.65125314353217,-1.7092489063184,0.0390666248181963,1.13352239516594,2.80641235691018
"icr069790",-17.1500252799604,-12.6627668743943,-7.00773081412911,-1.71962671622516,0.60077386042893,1.35644139797021,2.87865463420841,-17.6585566023396,-12.6213472720285,-7.05557978691499,-2.50464090522187,-0.759371772860238,1.06249091407822,2.72675754679682
"icr069809",-17.2946939828399,-12.4519739685624,-7.11374479650853,-1.35404765402749,0.559615787935423,1.32377400413856,2.92571847293293,-16.9823550822312,-12.5633715852164,-6.51356846811046,-1.15139178706988,0.43424871500958,1.3309263562986,2.8582173477271
"icr069810",-17.6225952241456,-12.0360350203317,-7.25914476590485,-2.60849345601578,0.223143551314211,1.09861228866811,2.85287178564095,-17.7075990215057,-12.1944889943952,-6.65238028233021,-1.689958462109,-0.291418045433278,1.11292484632398,2.8060816531372
"icr069829",-17.4192194959281,-12.5089501508929,-6.91171411496013,-1.33554222023441,0.385662480811984,1.29723934574393,2.76142854767123,-17.4315368982104,-12.6262889697885,-6.20845214054049,-1.75648140567874,0.277099202283257,1.30130271063545,2.7222432018018
"icr069830",-17.6261711489759,-10.283582742904,-5.99610595593654,-1.27598589563853,0.0327898228229913,1.02597310502814,2.91343703082716,-17.8200069422897,-12.9628549100993,-6.03368160004332,-1.87824084232675,-0.547519815643593,1.17969121179176,2.66871353111423
"icr069849",-17.1946535107931,-12.7959772676399,-6.96766202421895,-0.799802538986654,0.788457360364271,1.45430923741887,2.50959926237837,-17.1285867944258,-12.4203138954189,-5.81933154295917,-1.14258154583602,0.756669810701343,1.48242662111947,2.7564388953492
"icr069850",-17.3965503902193,-11.2360079403357,-7.22491900804538,-1.69298679031584,0.351397886837889,1.45108313698233,2.45642516558166,-17.6501575497405,-12.3742300290908,-6.33161566411517,-1.4693914461818,-0.0719342322898736,1.20553604264663,2.74843021035072
"icr069869",-16.7635697580791,-12.1137498627863,-8.15901901311035,-1.55653709022361,0.174353387144777,1.19201346375651,2.54010335887501,-17.0275154983829,-12.6028905708709,-6.63147371537351,-1.53232973855903,0.0660493967267509,1.11953618342672,2.81488670860224
"icr069870",-16.9697931273623,-11.1519902518907,-7.97855648480448,-1.90438434896149,-0.371563556432482,0.936687359781802,2.88215092475131,-17.171323030599,-12.6536847135137,-6.61399326330452,-1.63470584839772,-0.590041519259412,1.02553056909627,2.77468143848091
"icr069889",-16.9897688695335,-11.0046591036098,-7.19728459480952,-1.13231324143349,0.0339015516756813,0.908258560176892,2.87001952904727,-17.0135417425597,-12.2331492902155,-6.57681368106054,-1.2226200399678,0.177499305682676,1.14964978381273,2.82105055313656
"icr069890",-16.8928936596551,-10.8409983135751,-7.70688712011316,-1.52677528049093,-0.0714589639821455,1.07281953410638,2.95327035831948,-17.2470904659908,-12.130646014776,-6.85927799875994,-1.59280239340768,-0.0730161795426219,1.22876724058396,2.7767360331212
"icr069909",-16.5022280018625,-11.1891626496879,-6.66644070721311,-1.02886005454129,-0.207639364778244,1.36670722784459,2.76659654021701,-16.9712323946204,-12.4374225882069,-6.40064201024819,-1.16384968966717,0.492602988101441,1.36757356379581,2.81034097446923
"icr069910",-17.1225166427955,-10.8028574404129,-6.90562467105738,-1.93245899260201,-0.459532329378439,1.08805810098942,2.96364395900249,-17.2292081495856,-12.6059946352973,-6.44933738662094,-1.50480685915842,-0.330802735135335,1.16182397862928,2.77048726828787
"icr069929",-16.7190942879803,-11.9123376105593,-7.02327756598646,-1.01005678258411,0,1.26851132546351,2.79902197930794,-17.277564909131,-12.5358396770693,-6.29210129166351,-1.6599461437463,0.396923068545222,1.25951755100764,2.7859469579653
"icr069930",-17.2241929072189,-11.7360292915992,-6.37474014026768,-1.49787209427207,-0.644357016390513,0.800777844752311,2.79466467393898,-17.598220736388,-12.8843315012228,-6.42802048493616,-1.64965238319646,-0.666961479678042,0.977281174402413,2.76396651598125
"icr069949",-17.2002088015511,-12.1256136861837,-7.00175048217065,-1.34311533933738,-0.167054084663167,1.29154899353053,2.68184782870819,-17.2159508534277,-12.2172192304378,-6.13498027500043,-1.26652906423744,0.524944206813927,1.26131431077031,2.80799692937929
"icr069950",-17.5316870945873,-10.489401630295,-6.51895483865836,-2.01795540019251,-0.538996500732686,1.03918886819731,3.05545150825561,-17.5423696812557,-12.0803161136315,-6.39799896449175,-1.07577963279581,-0.167226846790946,1.06020845261999,2.74944325121033
"icr069969",-16.9412034441548,-11.7045127444898,-6.75840746044355,-1.45179129108081,-0.0645385211375711,1.41455052957028,2.76033170761225,-17.1131102494752,-12.0956567308584,-6.3485959599106,-1.05702836122504,0.575437432018813,1.28829882534408,2.80553350809937
"icr069970",-17.3119137247653,-10.4977673763538,-6.86090481099611,-1.81862959804782,-0.51987545928591,1.02165124753198,2.88780436239092,-17.3426994241708,-12.0384751059267,-6.64857395161953,-1.51874067933154,-0.314171076670709,1.21819129154746,2.70469019671723
"icr069989",-16.7705442547344,-11.2179067215432,-6.0308919907697,-0.95538754237035,-0.0689928714869499,1.5004191747713,2.81694428934135,-17.4969424099303,-12.4448081689526,-5.66623223134128,-1.37995719837343,0.548452424234853,1.30105697261421,2.78415971848976
"icr069990",-17.3778769271206,-10.9778806222143,-5.09597723836878,-1.44323683087072,-0.223143551314209,1.34207584247328,2.92596270299887,-17.6895320379455,-12.557749056568,-5.53196812655997,-0.981115480687452,-0.0170860194129837,1.04028065465814,2.80436879866548
"icr070009",-17.0704429601263,-11.3540055286051,-6.81837238150619,-1.34455592075007,-0.788457360364269,1.31410362872904,2.73539565499274,-17.3011401595854,-12.3830916594911,-6.46384055471795,-1.40410821923831,0.299169901651047,1.23055202197805,2.79424184331223
"icr070010",-17.5612242720961,-10.4668793415381,-6.56252496886212,-1.9228325905023,-1.03407376753054,1.01338185604948,2.47133457224246,-17.5701940482311,-12.4994400332542,-6.62087325625475,-1.56434863144145,-0.408352607938044,1.08176681650317,2.75964769563791
"icr070029",-15.9715198606695,-12.1685946337967,-6.2438027396292,-1.25035749347257,0.619039208406223,1.62815920804231,2.73859920047387,-16.4290636520073,-12.923044535349,-6.55955029521877,-1.40242845274141,0.596006885953132,1.51783640407368,2.95708793679891
"icr070030",-16.2860482975457,-11.266006527069,-6.00099455666657,-1.56490674756733,0.348306694268217,1.47524184713639,2.67580908982463,-17.082717201262,-12.6165579923208,-7.01438317076274,-1.66870802765516,-0.127792783785607,1.31495474074288,2.88684729873165
"icr070049",-16.037332783011,-12.038172274995,-6.36937044956207,-1.19758881504716,-0.128617377822094,1.45947597841348,2.24223868589696,-16.7422927393647,-12.4375528987752,-7.03972500467348,-1.41185693232177,0.608987317207591,1.36707763488762,2.81961294742781
"icr070050",-16.6657844640581,-11.0711291040409,-6.88397284948486,-1.41314754759119,-0.340926586970593,1.27391011158276,2.57894375494553,-17.2967032538055,-12.2718970107804,-6.6622266389781,-1.47163306213257,0.112956063156513,1.1417626234988,2.80027619347351
"icr070069",-16.7079057807796,-10.7167678951677,-6.2852719135858,-0.991346895341056,0,1.39128190263093,2.69891771753894,-17.2376367273832,-12.9400116577461,-5.56988606944451,-1.05902817358688,0.490493382947227,1.31912025182459,2.76336857762267
"icr070070",-17.2517188516704,-11.4260780090586,-5.74800020004148,-0.66331507501655,0.428995605518359,1.30715704056117,2.98642988089168,-17.6760444943651,-12.795856009169,-5.7885677214465,-1.53059106310794,0.0101812349586403,1.3090623528893,2.70400959653653
"icr070089",-16.9220730952201,-12.0404964000595,-6.44666050556259,-1.1402121486706,0.0923733201310153,1.42126496387168,2.59610117828029,-17.1478344994695,-12.5414259925885,-6.10328724426229,-1.37030297189678,0.58796946677002,1.28278202116736,2.7974093328658
"icr070090",-17.4257023360542,-10.9915754848359,-6.10425899731481,-1.85044397863964,-0.164303051291277,1.2766710992281,2.96183072187831,-17.7424393837981,-12.4264797258785,-6.19097180432378,-1.68432233492935,-0.130888157874563,1.1207911421562,2.75695256963588
"icr073300",-16.0795847460581,-15.5535525032433,-6.68992591380252,-0.51309972637784,-1.2272296664902,1.09258817406473,2.86746525564171,-16.1986809451816,-15.736240744153,-2.7375689096205,0.816950887191667,-1.43861830380151,1.03930345335153,2.73440379656763
"icr073301",-15.5047493780872,-15.9414923886519,-6.27610188706497,-0.266034370854909,-0.770705414905819,0.980829253011726,2.92294933408777,-15.6499945613595,-15.7975410470863,-2.80944926506286,0.434960653849511,-1.19029250082561,1.21234072514876,2.78218476061761
"icr073320",-15.8472803387757,-14.9845814837823,-4.63811601156852,0.575747524141009,-0.202236866494896,1.35684715979359,2.88542125273631,-15.2983778389566,-13.9645087905331,-3.51537061911689,0.741080071851802,0.270375434502547,1.39661343924703,2.90518253592888
"icr073321",-16.4081747544581,-14.4831705726364,-5.07429042486537,0.66135221577326,-0.803495237728811,1.40150377978342,3.02330015239583,-16.1273792233366,-13.4911041690901,-4.5312901217593,0.317394439396462,-1.28102320767466,1.13997006898848,2.69807252141923
"icr073340",-14.9170552355137,-15.5162414206888,-5.00787623737527,0.188298157850677,0.50800474742435,1.71185291786217,2.78019466675151,-15.2819626158148,-13.4700023735054,-4.10556838166929,0.316322360349644,1.374440265803,1.51803458227098,2.88120678857557
"icr073341",-16.3989226732829,-14.3520276972286,-6.24541969336704,-0.683082628604646,-0.548565951748836,1.87395869552862,2.7598121356608,-15.8684518173765,-12.6206448733331,-4.84661606153031,0.0069944753008091,0.356426713396949,1.30412352728754,2.78547031478372
"icr073361",-14.6760404712811,-14.9130652914723,-6.89028456500677,-0.294154218747545,-0.573002868717882,1.66362474377569,2.74929001876998,-14.9530895532105,-15.3185787610946,-4.9549095944447,-0.026915075825887,-0.0541792254885991,1.25859905086896,2.7596235520842
"icr073362",-15.9301096534828,-15.7718812342545,-6.32130810872383,0.344639965412478,-0.751416088683921,1.8430527636156,2.79511731789844,-15.7506803744836,-14.5808541470109,-5.06798106232629,0.0532558859565864,-0.663177961150376,1.20397870125397,2.7016206995734
"icr073379",-16.2950449115417,-15.9345926159786,-3.0864361280856,1.50599740629129,-0.380463805902748,1.47032510997138,2.93941384296377,-15.6981847542037,-14.7767159492883,-2.79551447810214,0.803768025847518,0.992709293446831,1.34117369783855,2.91245498695508
"icr073380",-17.3303537873364,-15.0584663431079,-3.41493118356404,0.581194915720134,-0.524524468124152,1.19019410196977,3.00547303768559,-16.5819251296038,-13.4890713138393,-3.42993104584102,0.806849713758483,0.352928844437372,1.29849824954575,2.83270652232291
"icr073399",-15.4038622636203,-16.2378139351793,-6.02477722998383,-0.48299790657933,-0.421994410059375,1.16643488500687,2.89319901451509,-15.1336563638205,-15.0147179610248,-2.14338882705135,0.690361337246993,-0.475510498646748,1.52383310699885,2.88553140879916
"icr073400",-16.7567182579012,-16.3174972308275,-5.66595671901761,-0.695260763571037,-1.32687094064909,1.18690489581379,2.92162430140027,-16.2156879144519,-14.6922370198816,-2.3486006370335,0.627706156858984,-1.86571902530551,1.23566227369297,2.69896644861056
"icr073419",-15.2692643144405,-15.19823987888,-5.44049968818409,0.246284442672984,-0.0709517359722831,1.61049109841876,2.77607249456766,-15.0502970138228,-14.3229463217944,-3.98604765822365,0.557463141153564,0.781580495046282,1.44184501045847,2.90199378333663
"icr073420",-16.3735501875639,-15.1138594573242,-5.48021010925067,0.165518269372622,-0.619039208406225,1.45641272512858,2.74425549443256,-16.0409315603462,-13.4664700431261,-4.49759415752951,0.518465597642381,-0.159997682371744,1.23844691735658,2.84094412135087
"icr073439",-15.8020227187222,-15.3212278798913,-5.31493615041142,0.146544823146731,-0.336472236621214,1.28683356758925,2.81250438281854,-15.2355197196756,-13.9827044323309,-3.44110814093388,0.767179959959216,-0.362884057567998,1.42115130684667,2.85688617569889
"icr073440",-16.3751935409984,-13.988698363684,-5.71471935811918,-0.571938635287795,-1.26566637333128,1.23422721268374,2.95514259405395,-16.1968992752715,-13.5234150514111,-3.59151672956844,0.806434500155115,-1.73079598002055,1.11231431378083,2.70276958308323
"icr073459",-16.297284927957,-15.8208829573558,-2.38748612388278,1.63787705786926,0.126751705639144,1.21034225261142,2.88082658785951,-15.7671701479253,-14.6396465284542,-3.37741614256807,0.86337876264386,0.417774023458099,1.1634159983363,2.88438502078519
"icr073460",-16.5384860377115,-16.456620007184,-2.08857053033277,1.64495479998414,-0.0145987994211527,1.40346216474225,2.92728870172381,-15.9268823804423,-14.8714907335331,-3.37324856704284,0.525012724586379,-0.0943018958971653,1.28655765510427,2.84556784554915
"icr073479",-16.2309545998,-14.7014529148324,-6.88491721348274,0.0545846316155387,-1.56563528977571,0.977146007595431,2.88945306237909,-15.306423268501,-14.1811382396732,-4.26681457577605,0.845836559508819,-1.07395672732765,1.28667542549162,2.73471084151177
"icr073480",-15.6082546892479,-15.5916862721706,-6.2267174912466,0.578291373702376,-0.708651367095911,0.957626355932062,2.79747377878145,-16.2140494964686,-13.7122107157651,-4.46776681292422,0.593445074585286,-1.86997787046085,1.08752718115447,2.65785241318555
"icr073499",-16.2034161558402,-14.8016476497894,-5.87506070174518,-0.350082289944613,-1.171637423683,1.01879585093558,2.94572533680827,-15.6353295589046,-15.3818979228264,-3.64288250411046,0.381748357858444,-0.987142005041376,1.16542359773406,2.8509127524975
"icr073500",-15.6740026294279,-15.2421723268829,-4.98363945052095,0.253067555542343,-0.191055236762709,0.448455293039533,2.90668471448408,-16.5976713923856,-15.2888489353506,-3.73858608467788,0.604636115333784,-1.93603194124649,0.935901415047204,2.80728528117698
"icr073519",-15.8723640093273,-15.8116259043315,-5.75716223988194,-0.203630303688137,-0.414943852062708,1.41862974176283,2.7696269272027,-15.1584885987854,-14.2067954788886,-3.94608781572329,0.635289989366192,0.145154297146079,1.3922731853806,2.83642030216627
"icr073520",-16.6237022741452,-15.2754783155328,-6.03693896836361,-0.593980278656318,-1.13943428318836,1.43126205301985,2.75498453131137,-16.0008227211057,-13.5620315828398,-4.11614997728586,0.622602520930288,-1.03998114248259,1.12954119592814,2.72017983266174
"icr073539",-15.5715298235372,-15.6954995808422,-4.23872688605064,1.53087888533123,0.0927817334509662,0.67116827384117,3.00404361720478,-15.611785523808,-14.4353925779371,-4.34280875422,0.82189713652826,0.893662296400183,0.924108491010028,2.82326544266213
"icr073540",-16.5759565251313,-15.3982271948416,-4.36426820049538,1.36435156417247,-0.611801541105994,0.760041415389974,2.80810742292514,-16.1420439008098,-13.6067011426784,-4.40125054619163,0.813743248177372,0.424363632048308,0.801056216252069,2.75929423491815
"icr073558",-16.1012168831683,-15.7360877986715,-4.27709614239928,0.37353837078866,-0.287682072451782,0.680408154782516,2.84906795175493,-15.9112300986131,-14.584624626987,-3.17193586979949,0.80514244902573,-0.760890361317678,1.15261619383176,2.8567797441783
"icr073559",-17.0417718772384,-15.1228907522178,-4.87419805927742,0.898440268289475,-0.947381318944187,0.371063681390831,2.99529927939265,-16.7426117103568,-14.1399535245655,-3.8380293242558,0.683386865849734,-2.03758375610188,0.899952493367281,2.71890689080705
"icr073578",-15.6915698457835,-15.0943258271806,-4.99724185394515,-0.140708336333595,-0.237328186306167,1.18044230691574,2.95024844554419,-15.5766786992735,-14.8820484737432,-3.1220842636201,0.582147373578757,-0.482688831189684,1.20072042477567,2.84757585360124
"icr073579",-16.8125429147449,-15.0690430042792,-4.80824087942917,-0.348922570453645,-1.04982212449868,0.975222510250489,3.03987947274791,-16.7481925370801,-14.8076969354708,-3.89384482082722,0.666564458684954,-1.97626385061862,0.593811763904884,2.72298953596255
"icr073598",-15.7256232254056,-14.544272470113,-6.22818827343891,-0.628826824371404,-0.664159643686693,1.44894532608156,2.9165649787731,-15.4085645920752,-13.8051830649586,-5.75373613248668,-0.2301441432557,-0.818601676865543,1.32620190781806,2.64154808079017
"icr073599",-16.3692374636877,-14.0792814883466,-6.33032971395148,-0.425382594699846,-0.532804530484766,1.37743167386204,2.77692533203035,-16.1904368042461,-13.1200657045687,-5.95366032855948,-0.369793177497164,-1.12396066041394,1.36131339934006,2.58787498857256
