"SSN","V1","V2","V3","V4","V5","V6","V7","V1_rfo","V2_rfo","V3_rfo","V4_rfo","V5_rfo","V6_rfo","V7_rfo"
"icr006454",-13.7074971140227,-10.0755095779942,-9.45814909578141,-0.442655143496934,0.537142932083364,1.76847010734816,2.87314567584467,-14.3250426389876,-9.94831005424479,-8.18742121613018,-1.57150780142879,-0.0594108103407083,1.73173415696826,2.47899947557784
"icr006455",-13.6281927724889,-9.62595835094508,-10.2579884077536,-0.568262424914797,0.168622712435793,2.13566253752233,2.56786943825163,-13.7997534844974,-8.9165112951632,-8.01815342360641,-1.96040558807655,-1.3015826670068,1.73804400981795,2.53863274319275
"icr006474",-15.1457267602173,-11.8710885343317,-5.56791588329259,1.84728474545356,-0.667829372575655,0.77289421394612,2.60314458241807,-15.7337711107477,-13.3650986140455,-6.58938250965576,-0.957067478707198,-0.490223758390028,1.39463668286238,2.62757544720461
"icr006475",-15.5690981465167,-12.4704851514645,-5.07788125241333,1.92273239932142,-1.44036158239017,0.838963143120729,2.33762655697176,-15.9073263153563,-13.5452770690835,-7.10007533519758,-0.992735626346091,-1.04581439191768,1.28110102179831,2.62446040079143
"icr006492",-14.6309301947659,-12.9426136713981,-7.84506152235778,0.121602551912574,-0.731613461387742,1.54089559288088,2.4040719446901,-14.4928019226771,-12.8202219478419,-7.71606974137485,-2.028373995537,-0.411027572873143,1.11341471750208,2.55898646439455
"icr006493",-15.0811532094102,-11.8854757891806,-8.09736502550759,-0.0714882110871669,-1.50023862046911,1.21375741450093,2.57045412142873,-15.03216604159,-12.3150307690624,-7.59217473549295,-1.89395654289616,-0.907796082871846,1.03129428284605,2.46924558085563
"icr006510",-14.3557491466401,-12.475613903211,-6.9063266560431,0.427985129781255,-0.320307299767858,1.09296740927827,2.38428817436523,-14.9318592473836,-12.4776405207725,-6.75034565167107,-1.65615872503807,-0.15906363057092,1.38933703482278,2.53141694611266
"icr006511",-14.9213620480859,-10.8532135108325,-5.98683308399179,1.01742154196636,-1.50952700154384,0.814169899550321,2.33289044248937,-15.5330210627956,-12.0931108200723,-7.72221175351755,-1.83953647324399,-1.35927314581033,1.23799919267478,2.40884871128267
"icr006530",-14.7367799208357,-12.7026272017671,-8.21739438320113,0.92801197847228,-0.877450898557891,1.16737291550953,2.36609002230833,-15.1496163523537,-12.1170630985602,-8.25697776922513,-2.22061421954985,-1.67057841441984,1.17032064337154,2.3402463117231
"icr006531",-15.0444705437782,-11.662171449469,-8.87476317678928,0.545481838029007,-1.95302761682418,0.89444806891514,2.32035869207801,-15.443428297938,-12.3288140449289,-8.34016110377537,-2.25296003814633,-1.99491661264471,1.0739744889226,2.37674571959627
"icr006550",-14.2038108394885,-11.7192529486706,-8.98715573270644,0.240242754309615,-0.2559333741372,1.37335899429744,2.4136675490518,-15.1866907029303,-15.2493696181569,-7.73358414528579,-2.18701116972985,-1.2108031773404,1.36339074078743,2.58913214729293
"icr006551",-14.6839781478676,-11.4046414448261,-10.1656514784611,-0.136374917744916,-0.489548225318707,1.55395278909124,2.35146230830608,-15.4698854676451,-12.4368769596004,-8.96184974032052,-2.51012176840541,-1.11700846153736,1.43229913300846,2.5514802578117
"icr006570",-14.6388508757154,-10.5028457836887,-7.45830935241344,0.567257169100536,-1.20896034583697,1.26596058795789,2.57103881490852,-15.1729149743678,-11.9303827188905,-6.8719583359675,-1.6399797287183,-0.150895215982767,1.52438708086419,2.49251363785494
"icr006571",-14.9702360227103,-11.5724120315825,-8.02573520551619,0.188455872620043,-1.19869574722509,1.27818215382928,2.51604555047137,-14.9260601268843,-11.8063646970397,-8.12647102992041,-2.23029364597087,-0.538227059771466,1.21701556206814,2.45650816602932
"icr006586",-13.6722981785263,-10.6458648611268,-8.85061693569685,0.170267786368228,-0.0843411484337508,0.961281815391565,2.40085888838059,-14.1585015986209,-10.6177166874653,-7.60887278845778,-1.60630414057968,-0.16932815672478,1.14817159549064,2.47904639334465
"icr006587",-13.7118047068856,-10.9176689602704,-10.0139248818962,-0.594220589539182,-0.762140052046897,0.911736989943161,1.92563295661616,-14.4200061735275,-10.1179311709456,-8.21553940000975,-1.97439612257763,-1.28595594446331,1.11819656686406,2.49876645577594
"icr006606",-14.8441963396993,-12.436394768071,-5.31169406872715,1.64879104183753,-0.467596889215171,0.529550571098316,2.08726604154157,-15.4316121678405,-12.9241849486575,-6.97542737817776,-1.18844857847117,-0.707548429490941,1.31132810230905,2.51768430769531
"icr006607",-15.2187345988965,-12.1384273055785,-4.81115510226052,1.72396507496087,-2.18925640768704,0.674455047547793,1.82323712810474,-15.5600808137002,-13.3123534428166,-7.47032896898853,-1.73292611965209,-1.31011438576773,1.07582417267711,2.3474697504699
"icr006626",-15.1279830493195,-11.9953423909621,-5.61513132810294,1.45510617991056,-0.0909717782057271,0.755221194690664,2.1385285464992,-15.3409252390585,-12.926732922564,-6.14169416870359,-0.84828106567688,-0.179417332160192,1.1802587430909,2.53364469303531
"icr006627",-14.8706770539452,-11.7213829337202,-6.74744775247053,0.991251362708113,-0.450833713138016,0.890299900869509,1.96754932415879,-15.3616520952862,-13.2681002326576,-7.56481599211157,-2.01991438929554,-1.05512743946251,1.13039755458408,2.47469694112548
"icr006646",-14.7401564642766,-12.4923594664692,-5.04262034954605,1.67400064817884,-0.664437074677513,1.01525227823444,2.32918951943471,-15.1193387528309,-13.8613357027477,-6.93911351421115,-1.75394742032961,-0.737709741112439,1.17886516838838,2.49361197286664
"icr006647",-15.1129677231401,-11.8847435957248,-5.29631985370301,1.32601543271858,-1.90242503711557,0.683918374122323,2.22896637260069,-15.5156977589112,-14.0731704877803,-7.32943054881384,-1.80154001560448,-1.24281933708906,1.16947209167585,2.40819116851611
"icr006666",-15.0641398869476,-12.5866998630644,-4.86671017259196,1.86780164160867,-1.75329318840026,0.31851494748781,2.38779660558506,-15.5313757030726,-13.5900768308743,-6.53074480725956,-0.804292986195471,-0.902350104586118,1.17357044987175,2.55306559961332
"icr006667",-15.325886570773,-11.2257813749513,-4.72283947029298,1.45631941985603,-3.82537519870247,0.4596426620315,2.41879826961531,-15.8140786154602,-13.1068220052563,-6.72148159016256,-0.92518070695314,-1.21957443564825,1.10464517992155,2.55356616296382
"icr006684",-14.7078191854627,-12.7271130387098,-7.75019085217187,0.49301335409885,-0.635988766719997,0.748740370843974,2.20161536375371,-14.9748241021095,-12.5149617746097,-7.07569875568243,-1.60034225685607,-0.152833375772514,1.2107861134794,2.53744450316795
"icr006685",-14.9370039717334,-12.4791642594785,-8.27508800410695,0.248071374783701,-0.991192040047272,0.752137587133349,2.29141179239592,-15.2471859953328,-13.2603394586191,-7.6425710116409,-1.8421739967905,-0.981477328452499,1.11243717020913,2.50324755985753
"icr006704",-14.9219835873867,-12.0387698532064,-6.76130368301281,1.04547724932972,-0.206132205487673,0.799912035115928,2.30593636167425,-15.2040236067665,-12.9622011349425,-6.51711218389406,-0.735110373871409,-0.48506181735139,1.18560182527215,2.48422765486334
"icr006705",-14.8349481929622,-11.6199826060702,-7.42890456999525,0.54240489348217,-1.39209147880422,0.886663604317123,1.90294517062823,-15.3327434348604,-12.412810234487,-7.88647973892259,-1.92210089154792,-1.74229600315083,0.954693762585062,2.44846796952133
"icr006724",-14.7256464295272,-12.1911939644208,-5.67144720584773,1.79434972447153,-0.980829253011725,0.746069582014288,2.24998092977553,-15.4905972371716,-12.7254589900627,-6.49200813332173,-1.02125010724785,-0.773463563885261,1.23155571293814,2.55020637504544
"icr006725",-15.1772603891834,-11.9342586105403,-4.94976552770355,1.6234683882432,-2.07944154167984,0.488920788377941,1.94236404604856,-15.7405508915253,-13.4369472341923,-6.9569838542204,-1.63241676798789,-1.64900133573302,1.19668013077522,2.30744041261464
"icr006744",-15.4185177969421,-12.1348694428495,-5.55013042330061,1.28120558500266,-0.436102077570053,0.505319759891469,2.22316156295983,-15.8048719795767,-12.8627116190759,-6.09324088579602,-0.757789948164038,-0.0952113041978374,1.20890249483171,2.55201408489263
"icr006745",-16.0663982194668,-11.7074533009228,-3.99821207802053,1.97572491455687,-1.00711994824344,0.422272226424546,2.37631705461504,-15.7397209766082,-13.5129814763445,-5.9182546293822,-0.555611873976285,-0.406681864691323,1.13486823533625,2.52487094725451
"icr007730",-13.8824645711097,-13.4406888576407,-6.1690051677172,0.557486328164413,-0.697601530909326,1.01694843722392,2.44372488889174,-14.6800418444511,-14.349140729668,-7.28312928518444,-1.79680762677903,-0.684847572251127,1.35935024954731,2.49498508078316
"icr007731",-14.3384185781569,-12.0962816814248,-5.79399735791295,0.647185545048282,-2.0772461511164,0.492671397874944,2.33116538654783,-15.1729350421373,-14.0847388417545,-8.4274007585838,-2.08578520499125,-1.6121250693945,1.20499997147213,2.40847733422016
"icr007750",-14.8467279696727,-14.3654917434298,-6.56198058108579,-1.1982029506282,-0.476339447694821,1.53102330141046,2.65659812614907,-14.1079620361009,-13.5037380201912,-5.97987456125667,-0.804654233481614,0.420133240796601,1.53151085088852,2.57692243019494
"icr007751",-15.5471034969244,-13.9360702879055,-6.28569055782088,-1.67394012745846,-1.16899308542991,1.35332127063397,2.74984732978067,-15.1069648039089,-13.5444087716668,-6.22790686380058,-0.773939162706736,0.017228390346097,1.52650752641083,2.53930086653706
"icr007770",-15.3493952410207,-13.7714010313195,-4.21242727426042,-1.53287858329043,0.19062035960865,0.236072027918055,2.60314046949426,-14.8060447616669,-13.1915272698968,-5.65395528951651,-1.25869340230988,-0.121588482986278,1.41711516479146,2.55105919166435
"icr007771",-14.9958976410368,-8.93332681467959,-5.8446989854256,-0.917143951515206,0.375612144958483,0.806988751481389,2.69758917075856,-16.05652418941,-12.6890710846423,-6.15574151844804,-1.20660775844666,-0.440157957865085,1.21179791545391,2.56660676798002
"icr007790",-14.2767804326239,-13.0076302760856,-7.91420543911281,-0.286114063612235,-1.03236290312691,0.83000910959056,2.6310188278225,-14.8728236383896,-14.2720784021657,-8.84746016181608,-2.2258664176482,-1.18248968516907,1.45359174433185,2.53051258556187
"icr007791",-14.7037948213628,-12.7501724694361,-7.6736017114697,-0.476950109821062,-1.4260346897694,0.538400498043308,2.60157684313056,-15.01215532968,-14.3849089407231,-8.6814654891054,-2.21451506128419,-1.62228600315766,1.34348552017864,2.50727926658271
"icr007810",-13.4399074056413,-13.2070270469938,-7.15950327140165,-0.105453428757349,0.0982384395834135,1.54298311337562,2.41621469610261,-14.3379409845116,-14.1131021998644,-7.91641655751739,-1.74180745823249,-0.571831048472993,1.3974760559347,2.52002395694341
"icr007811",-14.5210052304511,-12.4379841108302,-8.46792785905799,-0.286945521103689,-1.15530763234465,1.03986107834567,2.5616660011136,-15.3825796845178,-14.0717978379943,-8.32275189137826,-1.51480310303255,-1.41569062906582,1.33478387296732,2.52300782443548
"icr007830",-14.5658738614273,-14.206397106185,-7.85645508839496,-1.66707245759041,-1.22377543162212,1.16944693547686,2.69416344111065,-14.7151729454794,-13.9863445620029,-8.69987070622503,-2.03625964240415,-1.30992160004684,1.36539359987698,2.50983100009384
"icr007831",-15.129554400854,-14.2663152528762,-8.63116517797944,-2.90396724128655,-1.76001077091347,0.858950185258911,2.87327732453686,-14.9401580328383,-13.6443836725694,-8.48776497561417,-2.07929051316229,-1.76651783168493,1.21903233936617,2.4519127161142
"icr007850",-15.4116659718658,-12.6014975471666,-1.43549072392325,1.67966751284055,1.6891903022075,0.62445064927371,2.79413029351712,-16.106777704732,-13.4866601772667,-5.04846777183434,-0.578566568067407,0.662444672174781,1.49886277679858,2.62245399779643
"icr007851",-16.4681447714768,-12.046353934059,-0.60207779981323,2.0431008299422,1.14021828950057,-0.246346448393874,2.9497883734007,-16.2046015412489,-13.2176005271449,-5.34027436399539,-0.234221333712883,0.374088785012425,1.45549925653645,2.62950137312256
"icr007870",-15.8151158627618,-12.3790723888748,-2.2997693931955,1.84872390656279,1.08091271156871,-0.125959696093629,2.91943255215929,-15.8026654628909,-13.7794975191661,-4.73813961955583,-0.512458512850014,0.627123412972304,1.29820953353503,2.60935861524803
"icr007871",-16.5242188579656,-12.5504739783263,-2.75866797047063,2.32284699938348,0.332938664039901,-1.27064215942552,3.00734127429754,-15.6914840098877,-14.0170295642211,-4.41916956044368,-0.495590646845093,0.155505439151219,1.24766890078138,2.59654329567068
"icr007890",-13.5416209889891,-12.4021626037175,-6.65918295281398,0.155964739898422,1.46633706879343,1.62912241321665,2.48503233319167,-15.2487295910391,-14.3067444675691,-7.99681720156681,-2.01228922607613,-1.65950859567574,1.16059073676116,2.59057049581415
"icr007891",-13.8969452457766,-13.2980407304466,-7.87689601904496,-0.576989738160529,-0.0287101058824319,1.66338725087977,2.53378254416452,-14.6597992175473,-13.9078346397075,-8.69743597805524,-2.13231710035051,-1.27762637728066,1.33376492178555,2.55366794929272
"icr007910",-14.8383679515097,-13.4477686607215,-6.34555319242295,0.142860924485988,-0.100643525779688,0.715601517722016,2.5074473722531,-14.6795613390599,-13.8167126412276,-6.99495489071669,-1.88104970752242,-0.451960509385978,1.36013093476691,2.51376001812932
"icr007911",-15.181052507245,-12.6348554603578,-7.28762542350027,-0.0284395300743761,-0.682218110027755,0.560468302906067,2.51150092448793,-14.9529068159474,-13.5452751759621,-7.56458173343178,-1.88861113976597,-0.717834861957175,1.13023613024414,2.48643688599413
"icr007928",-14.1455775968075,-11.5330604493383,-6.39051120926496,-1.62964266953453,0.641853886172395,1.34222428279904,2.81942789020879,-14.4051676082078,-11.6493238652709,-6.7284758194569,-1.75571209573095,-0.0152035519948359,1.49315040604079,2.55692675968796
"icr007929",-14.5502999498859,-10.1997076318778,-5.90101467339372,-3.07498505098431,0.354645859711951,1.77092947656646,2.63455957090843,-14.2359584126638,-10.1557584813577,-7.88251692364738,-1.87853481513398,-0.218299081135194,1.67912703113852,2.48097256004063
"icr007949",-15.4264367067948,-13.4572204566738,-5.26532532729319,-1.72405986518522,-0.342490308946775,0.895823894748962,2.63073709799954,-14.9819662963417,-12.2073649525319,-6.35717224911745,-1.46416049732507,0.0866392083191068,1.53749282031114,2.55391205472943
"icr007950",-14.7699705870951,-12.3446646405788,-6.39871953863103,-1.61784479653162,-0.405465108108164,1.13943428318836,2.65404218471043,-14.7752417441998,-11.7710719558948,-6.62595279230704,-1.55001066907944,0.119009066347583,1.62905046501933,2.54729155410361
"icr007967",-14.3638541302249,-15.7099211959129,-8.29814669386577,-0.345529597081681,-1.86075234071501,0.698075215432742,2.48735463142664,-14.5826634149848,-13.7728781999317,-7.70232169950883,-1.45212210018208,-0.300534626761151,1.48977844755582,2.52471184004334
"icr007968",-14.1940380904476,-12.7917182104508,-8.74237869848715,-0.614484572620894,-0.80437281567017,1.14704414350251,2.51971057198269,-15.1308639535123,-13.4779925497458,-8.28877581240242,-1.12020526190906,-1.04205431739248,1.35274460718904,2.56407430398549
"icr007987",-14.4266591014736,-12.651986369338,-8.7546853341753,-0.368859061855916,-0.828066498459316,0.775458469371131,2.3876835044503,-15.0828260711045,-12.8891943868413,-8.52363993393558,-2.22076180579385,-1.5078255913031,1.13977982223021,2.36753163912176
"icr007988",-14.3518733660738,-11.4706975021472,-6.40626795145865,0.413596162043291,-0.408216141480054,0.73489444724926,2.48699106951091,-15.3071074778374,-13.0233901560975,-8.38232139999496,-2.17557834793977,-1.72954488929591,1.1872049018028,2.37090170789259
"icr008007",-13.4536414751613,-11.7701270811542,-4.29645568619661,0.202007582693891,2.58797095318548,1.45643441639676,2.75033677146246,-14.4016744950644,-13.8464279592941,-6.89594758323317,-1.53511964735596,-0.104729852362823,1.59855007575352,2.56961888181116
"icr008008",-14.038642019267,-11.321393144189,-3.70910348968242,0.394733078274063,2.25956770791035,1.19399056285127,2.87106684221884,-15.2856199814029,-14.3903988711701,-7.27840374810892,-1.25884852877992,-1.10917396139637,1.42525895795857,2.41887647613173
"icr008027",-15.1662667303547,-12.461444453843,-4.04809525450925,0.514184994951179,0.655406852577098,0.363772205809495,2.65265235109729,-16.06686297584,-13.3511886010788,-3.41682506425321,-0.543031617994449,1.11878244678595,1.58804522753725,2.57488648642039
"icr008028",-16.3344183893868,-12.5651882504958,-3.25222896455784,1.19307184000241,-0.0851578083403073,-0.659523676988377,2.76522600307128,-16.1619139381392,-13.4920843378528,-4.07909171077462,-0.462206895568542,0.553126443166137,1.38396754179407,2.57339351319432
"icr015752",-15.8305319926938,-15.2853921480158,-8.22825185467919,-1.91161935480057,-2.3150076129926,0.908033046635174,2.25207279903669,-15.5421759707009,-14.3542819028464,-5.49368131727223,-0.930807878507488,-0.977812915999774,1.30002542905512,2.62319118573914
"icr015753",-15.1151854940883,-15.8730325500585,-7.85401943617572,-1.20837979665686,-0.949080554697145,1.02073467854261,2.31451060459058,-15.4057637244783,-13.9296706082112,-5.56456744432017,-0.985720456885052,-0.479964949239392,1.43379336302428,2.62043779376676
"icr015772",-14.8529507508826,-15.6204969591681,-6.58219463820525,-1.19173988927463,-1.2443240998495,1.00089424720099,2.25161332478686,-15.5232831463194,-13.955061056894,-5.98106676658642,-0.698275450039592,-1.15118823169851,1.28341557323207,2.61141158292633
"icr015773",-15.7242302349154,-15.4414289298993,-5.05534524049278,-1.22837113972626,-3.01099974568478,0.805289382241614,2.10325384830706,-15.197513938157,-14.1154867712002,-5.90682475350884,-0.851411798841313,-0.259408213820425,1.41869550886687,2.55794927626514
"icr015792",-15.149286656414,-15.129955017505,-6.76061542500482,-0.220797800656025,-1.20397280432594,1.41627093702558,2.1682975566662,-15.5319308263168,-14.2836713191307,-6.41669460637921,-0.508017116333068,-0.470522144627269,1.26395962084566,2.60743870692896
"icr015793",-15.4535075940138,-14.1758001990851,-6.49144378397648,-0.10572287974892,-2.76811444184486,1.25307460824235,1.98794182681425,-15.8565439045872,-14.0058747059592,-6.27430548185262,-0.662286155530399,-0.948467185225203,1.19010276909416,2.50005366685334
"icr015812",-14.965187796298,-15.2805354081162,-7.50271080257406,-0.814009089654609,-0.421994410059375,1.54759556347122,2.23742841802126,-15.1765974195645,-14.0589605762117,-6.06500548866667,-1.09814582695916,-0.143693152152739,1.34951429174457,2.61223190243117
"icr015813",-14.7722054840749,-16.7418395071522,-7.22733838613223,-0.513486117283802,-1.18149994847388,1.4291988762418,2.22963347063439,-15.1620894427407,-14.2291500784138,-6.56000585914052,-1.13060555787612,-0.128010474011434,1.42630449939776,2.55161026686109
"icr015832",-15.7943651552745,-14.0392852830145,-8.73233255058622,-1.70457324737965,-1.6094379124341,1.21903506506384,1.85123002282638,-15.5458614300431,-12.772521297213,-6.69093662852361,-0.916898830969348,-0.608334988419229,1.3811753355134,2.51344124426916
"icr015833",-14.976639529661,-14.2355134260263,-7.07888640837618,-0.909981689874217,-0.840304824896233,1.24671543386552,2.10273277601914,-15.615759474643,-13.1738453761709,-6.29344888525982,-0.969779951368861,-0.0980201404046318,1.57054595488436,2.59060130710089
"icr015852",-15.0548777671588,-15.9226722930017,-6.44122787451362,-0.320534378442998,-1.33318453580594,0.977044627816554,2.1750948335136,-15.2505909944959,-14.2525427910122,-5.94692654558825,-1.11847384202691,-0.411186949748748,1.45669915706997,2.6241787441113
"icr015853",-15.8949924913212,-15.8840165115072,-6.39172628710629,-1.10482382337355,-3.95124371858143,0.680629844173254,2.06446206602732,-15.702532343297,-14.5698434287152,-5.43467658164865,-0.274724552704644,-0.545247268412589,1.23020459392581,2.52588515302051
"icr015872",-14.8401722100246,-15.7890702427226,-7.46387308960067,-0.617240163938246,-0.834225778819849,1.2136036973869,2.21042816431192,-14.9743400297663,-14.1865158501381,-5.93503078921802,-1.29807676832483,-0.286122904127425,1.51306765299192,2.70543040073674
"icr015873",-15.4180135206654,-15.4653055958462,-6.57259420877611,-0.652948332510393,-2.04958857853015,0.950046343561636,2.21375387928743,-15.3682196998445,-14.7058320587277,-5.50090852434066,-0.452463159048934,-0.749043906476256,1.22682874605945,2.65908316770786
"icr015892",-15.6699978519168,-15.8994261319631,-6.7656599671006,-1.44452437619033,-0.712195375530639,1.40566338768883,2.20289481253295,-15.3177583659385,-14.0339595510001,-5.2068003067786,-1.11082222882669,0.0938977259050903,1.60544745069715,2.50075000625751
"icr015893",-16.3844399714461,-15.7811555474897,-7.51267288732485,-1.62379492899197,-1.69459572077441,1.1583169062648,2.10508644460024,-15.7338050349162,-14.4955407996448,-5.59433702630554,-1.23734382878105,-0.525194231056453,1.49417814155156,2.44231971010987
"icr015912",-13.7913998530718,-15.2878229505588,-10.0558538058116,-2.37289921418928,-1.0055218656021,1.08087732301219,2.24993198592931,-13.6660094891691,-12.8105957979101,-8.17700132910266,-2.04716260569607,-0.129419534613962,1.49700816269045,2.67490639810618
"icr015913",-14.7898684686149,-14.8092493987714,-11.3612750017638,-3.93857038183177,-1.38629436111989,0.784503988802771,2.11490592622216,-14.3507899709184,-11.7903495067469,-9.03237757260392,-2.05958315065813,-2.31979668650246,1.14570119874645,2.55011470852084
"icr015932",-14.6004478808198,-16.816857912252,-5.96976005175227,-1.65280005541466,-2.0551094410203,0.700900925221611,2.20322525166401,-15.4761679383081,-14.6009167474372,-6.29261441506814,-0.835673564811903,-2.27333083709556,1.05443130668876,2.6456593257184
"icr015933",-14.7950115724124,-16.2116901409965,-5.50401751846267,-1.42212851249911,-2.65926003693278,0.706375605770944,2.20126572905187,-15.6427652643729,-14.4905610581867,-6.38526021589392,-0.660736029868488,-2.53108543603049,1.02802130275149,2.7159213364261
"icr015952",-15.0753424062514,-16.1589521260206,-6.65149856936795,-0.754927622179074,-1.69644928942373,0.872383339760852,2.2235331577842,-15.0236693682814,-14.0661016627587,-5.98364372056144,-0.96041301804809,-0.341351548221389,1.38559316727094,2.50395405196609
"icr015953",-15.5607814209109,-15.6219401651468,-6.00167649412545,-0.766408561876874,-2.83321334405622,0.737189411271156,2.20312697812692,-15.5760378050848,-14.928114799356,-5.22620283784389,-0.350406678547673,-1.15627114608968,1.30729428627017,2.48858699026986
"icr015972",-14.4336975295815,-14.9377639500438,-6.36543044547558,-1.89932669909992,-0.854415328156067,1.74157428041946,2.25302396670035,-14.9357595985817,-14.649281971717,-6.29702717793858,-1.33514156964326,-0.483428190208619,1.69686111278359,2.4737127890894
"icr015973",-15.552917283734,-15.3466820969971,-7.40243960805468,-2.0787017160257,-2.05017115937972,1.14326815369909,2.28444660925279,-15.2582814437543,-14.2509626298928,-6.60466145093475,-1.22840276374384,-0.428437490085335,1.56264558403303,2.4290193671922
"icr015992",-15.3791505287123,-14.5339593927329,-4.53393422786299,-1.41701629842835,0.576282840420633,1.19091669707189,2.28594745184102,-15.9051256918864,-13.4469128004708,-4.68344378356518,-0.328654153329542,0.460789269159849,1.52659721724775,2.49444104107477
"icr015993",-16.9033116285194,-14.9048491612183,-4.92154456623262,-2.35550178967766,-0.587786664902119,0.674262499169419,2.04037666053996,-16.1556291681191,-13.4061692533072,-4.75072351115743,-0.322411433361888,0.411406434816158,1.407522635757,2.51502360043827
"icr016012",-13.8118135741936,-15.7601944469943,-9.44122919779982,-3.01628824325352,-1.30252447805443,0.907523018620845,2.30487227860979,-13.756900943476,-13.4059606010107,-8.57040177503159,-1.78334138631069,-0.330289808937679,1.41131222755282,2.66719975647295
"icr016013",-14.81822832429,-15.3944582312843,-10.8531866905481,-4.04234691767883,-2.0949457282158,0.594920129460498,2.24777190760872,-14.0329866209759,-12.3070992000549,-8.9420070413266,-1.7923707493853,-0.716945204494151,1.22687243376623,2.52948306870432
"icr016032",-13.552375748498,-14.973145896038,-8.84355153748531,-3.34364230448279,-0.737598943130779,1.32890364575151,2.3743074414416,-13.4404964471637,-12.0363590330481,-8.49678048831254,-1.53026748942979,-0.711720095338075,1.31970283184062,2.56921874107066
"icr016033",-14.343213083455,-14.8189239755989,-10.4727705435312,-3.75375346795406,-1.83827948486295,1.16402021307724,2.16177683285153,-13.8182201730559,-11.6720212969926,-8.6015401884015,-1.57786896365761,-1.00162438190812,1.17203006448632,2.52878536720175
"icr016052",-14.3705189449695,-15.8953608592736,-7.77217939359348,-1.18777617363062,-1.10836846361347,1.44051821172716,2.23946028258153,-14.7574178102812,-14.8098112452822,-5.52832392843985,-0.952151319700219,-0.461679433213063,1.49571062255153,2.5545981778422
"icr016053",-14.5808626760021,-15.4002101590207,-7.83006647073443,-1.39468429264676,-1.09861228866811,1.65588985454957,2.17316020921189,-15.062276786745,-14.3797980981019,-6.0845899345598,-0.527043029602638,-0.46959408981524,1.39017950757058,2.67647560440854
"icr024868",-15.6047344318083,-13.365422173462,-5.36991211520232,0.189199817487155,0.448950220047903,1.21031627824811,3.04103858052158,-15.8367833118376,-12.7507075246223,-5.20293232973074,-0.856387717164523,0.404615569494795,1.51592883749904,2.58569941548711
"icr024869",-16.4766866095739,-12.1325211222946,-6.2810468943108,0.152260109998069,0.139761942375157,0.638588196309509,3.3886185994553,-16.0464974818738,-12.5545013052705,-5.90633890507422,-0.771581790899571,-0.0571105613057175,1.31719663303144,2.57794635502
"icr024879",-15.7601017030921,-13.3630660867446,-7.15075312207582,-0.386098686734353,-0.248461359298499,1.29863342256147,2.79828317161456,-15.6554781925488,-13.3516506080006,-6.03049893625717,-0.963674268918072,-0.382195429072833,1.33944099476539,2.55607808463539
"icr024880",-16.0201194612554,-12.8856674604318,-8.58836376460444,-0.827843454628024,-0.693147180559945,0.980194533853636,3.21206698293887,-15.696556146262,-13.141457275054,-7.16553477805925,-1.87350389939665,-0.956736546404014,1.25182018334623,2.51818679037906
"icr024899",-15.4865363663018,-13.8112547617904,-6.04977625851424,-0.256167943005824,0.494696241836108,1.53193435127924,2.64192129338669,-15.9063594503058,-12.9943173887602,-4.95478133737118,-0.591870733946475,0.288601453704362,1.41773287099449,2.61009524565298
"icr024900",-16.2271934703198,-12.6622242119545,-5.94650793645317,-0.129774776872465,0.454255272277596,1.32687094064909,2.98369843399027,-16.2540328757719,-12.7823805204769,-5.12321823712201,-0.562358527443976,-0.0668373183726253,1.35474407878157,2.58672280613625
"icr024917",-16.412997824816,-13.4587276909466,-6.20749153793901,-0.260362804651081,0.490622916448471,0.931855248415268,2.93193739573073,-15.7258447148338,-12.2012655664688,-5.04512005539931,-0.410396720267758,1.06067130136551,1.29986595634439,2.562393258965
"icr024918",-17.6257334769486,-11.769425354791,-6.5758267250114,-0.622042411538123,0.182321556793955,0.498991166118987,2.76696395851502,-16.6254450285455,-12.2877229373274,-4.87839830507403,-0.423246024674919,0.919860635091507,1.41574830921288,2.61632428542394
"icr024937",-15.9005266145137,-13.5921315962935,-5.99538230977691,-0.774254581920009,0.559615787935423,1.14306405123894,3.03128325781831,-16.0301091445197,-13.0479085010549,-4.59844482312697,-0.462432846412958,0.839193168647219,1.49098576753448,2.67986822349551
"icr024938",-16.9387678330171,-12.085447850501,-5.84442491624976,-0.726691486597133,0.427444014826939,0.791265036518467,3.42842197273011,-16.3495616911889,-13.1031618142586,-4.67599016172901,-0.299612437241308,0.540850427407006,1.39979277731823,2.66618896260818
"icr024956",-15.7768883669857,-12.4691841375251,-6.33675534376933,-0.185205381314279,0,1.34902296632266,3.05700513357435,-15.6263269875856,-12.8714116381808,-5.7964903627381,-0.76974443006325,-0.210253679681223,1.33102634713233,2.5910207394577
"icr024957",-16.5728055510155,-11.072045401441,-6.20654468633577,0.0670901192615183,-0.782759339249633,0.224541175580848,3.27483170189154,-16.0405584841097,-12.8552663078103,-5.65614707707566,-0.605595546245938,-0.395436911126925,1.11351976371625,2.56351866153772
"icr024976",-15.7483938629123,-12.9956273802823,-5.19382732154603,-0.483296619900118,1.28093384546206,1.56902837409622,3.08884568486152,-16.3096659046732,-13.345213267573,-4.18820836129633,-0.0788864166084895,0.217928755378724,1.51776394368801,2.66769392160495
"icr024977",-16.7203255702535,-11.8067932834519,-4.74552261480237,-0.149848594523368,0.717839793150317,1.01038805525327,2.93986991618134,-16.525747468135,-13.193440802802,-4.27227200952582,-0.0716145389142306,0.0234281308700939,1.37446893678539,2.59933453095505
"icr024994",-15.8580240995377,-12.8905036112993,-5.87584568504868,0.148408684882288,0.0327898228229913,1.01005889132666,3.18895042157216,-16.1195880502385,-13.0666408202811,-4.87780822428508,-0.334646082191286,0.0598808148062418,1.28774192029388,2.60181295722827
"icr024995",-16.8142348025972,-11.9499922760846,-6.91946793808788,0.553837864349495,-0.51082562376599,-0.0465200156348935,3.057864054661,-15.9512548363576,-12.7164491374291,-6.13947250312374,-0.486478419263608,-0.280929261516197,1.27593103995087,2.5796483685565
"icr025009",-16.7481337281476,-11.4732783152583,-5.22342632533084,-0.475939917162492,0.53062825106217,0.96240208383356,3.27695019938588,-16.0036912984996,-12.9759074201517,-5.30500901798742,-0.986197409758549,0.395852410089566,1.47453082811574,2.68306244760146
"icr025010",-16.7804734955912,-13.7879626610187,-5.20293341214835,-0.0339093274697646,-0.0779615414697119,0.364337816684301,3.27970926581323,-16.2116130281645,-12.6982478924443,-5.54157162319339,-0.706890515462576,0.0896053037239966,1.40741108072084,2.63391776405311
"icr025016",-15.4651835746278,-12.6693231331005,-6.62866135920949,-1.27974141295285,0.154150679827259,0.777912447187656,2.53083407281296,-16.1707449303206,-13.0549307611634,-5.44247710526809,-1.59219016594825,-0.168559822157004,1.59350145733122,2.57035051487772
"icr025017",-16.6559383321894,-13.4116431348563,-6.30657740817191,-1.81814913333179,-0.393042588109608,0.512029717830796,2.45866901957114,-15.8376366278234,-15.470013110271,-5.53098200084669,-1.50310993351886,-1.04069133650328,1.3344808397318,2.59110836176601
"icr025036",-15.8032384694424,-13.7122603406106,-5.74317062188497,-0.727894948232219,0.765467842139572,1.74118199448453,2.73550322788351,-15.917999065759,-13.2959658715225,-4.99598937144195,-0.837977312827037,0.410038047209185,1.70760077676564,2.67449778692251
"icr025037",-16.7297811755715,-13.279500802804,-5.71683172523564,-0.599098295583012,0.427444014826939,1.56861591791385,2.57334395030456,-16.3558082327113,-12.8158775847333,-4.66012137792077,-0.36537334792532,0.338700117284284,1.51598681811767,2.62356978458267
"icr025055",-16.0139696032183,-14.0017311524575,-5.8980560751392,-0.611776687150645,0.955511445027437,1.58967876245364,2.62841221330525,-15.9260096150076,-12.844379118702,-4.17613343535663,-0.480006518031455,0.782096936443481,1.46037990687842,2.53954259758495
"icr025056",-17.0681848280736,-12.8593235601946,-5.77455996716808,-0.0822813169933685,0.125163142954007,0.843265596859265,2.41405408151546,-16.3743609764242,-12.1711456490128,-3.90568757632225,0.0133454908878205,0.182893686262959,1.12338570552601,2.53265784741567
"icr025074",-15.3209915331339,-13.029135693111,-6.42505079610894,-0.121174832338389,0.324496045574497,1.19840175927648,2.78111964594408,-15.9656417522179,-13.5291323062912,-4.92134949538403,-0.588712855797818,-0.0245522349013382,1.41220086941868,2.57535654401402
"icr025075",-16.2513705079888,-12.4402881360453,-6.51851805338959,0.571943323825584,-0.248461359298499,0.00626961301359508,2.81529573145581,-16.3619040567311,-13.5127728282049,-5.16794739423885,-0.50786022823625,-0.543794728976477,1.22056243141543,2.565831259857
"icr025092",-15.9067206874565,-13.3902499879094,-5.8951108942124,-0.132385883922755,0.654925967739747,1.20029632959663,2.8803144509969,-16.2083255136763,-12.9079681872872,-4.54370742956283,-0.25160160421971,0.462920349691736,1.40095600375228,2.62439982823676
"icr025093",-16.7371400920069,-12.2457988273773,-6.24660453252901,-0.0432358307425158,-0.162518929497775,0.893817876022096,3.13720449512148,-16.4004224271473,-12.6360073381817,-4.73269749833917,0.0319468781142915,-0.0256305996060029,1.18745560901108,2.57407062702937
"icr025111",-15.5120176822459,-12.2833428761831,-6.59831186426847,-0.643406407038364,0.576613364303995,1.64515599503618,3.00099053348569,-16.0352739576439,-12.6358936085156,-4.94962226741719,-0.792758167583233,0.24354457182172,1.46125160275907,2.64289800020964
"icr025112",-16.5979391005916,-11.2727111830463,-7.56297253482422,-1.38898803790507,0.154150679827259,0.857975579906383,3.42606295974634,-16.2839711991105,-12.6881355255054,-5.83681824474848,-1.00282291240439,-0.125920283266789,1.26100765606858,2.55299578723403
"icr025135",-15.241691414744,-14.2843889779456,-5.94525956602855,-0.728586188521019,0.693147180559945,2.0543547072501,3.16974972641657,-15.3926917014934,-13.2092317111991,-5.65052489131938,-0.635434192760965,0.483300168759711,1.9667654117662,2.64495934544076
"icr025136",-15.4758289200455,-13.3093247174946,-5.93009818368196,-1.2279729303762,0.0141846349919561,2.44904797623506,3.3944661824985,-15.8571454776552,-12.7227602580704,-5.50312581768533,-0.460824112109469,0.339995403157771,1.68850504092652,2.62271941994824
"icr038106",-13.8032259308132,-11.7207060857865,-9.49976694038796,-4.7201635804119,-0.701052360067058,1.32043577001551,2.35977098200331,-13.4783090781992,-12.1257554215695,-9.64658413123914,-2.37304383260192,-2.86328203043847,0.590918224679414,2.73942431649646
"icr038107",-14.1256041303338,-12.0741492115894,-10.8655946491193,-4.97002547049449,-0.984853403311451,1.30749642582723,2.62377040771835,-13.285779525452,-12.0831490230997,-9.46313049147075,-2.0769611338415,-2.32840770089951,0.532064756102307,2.76591924679881
"icr038118",-14.049123633831,-11.5443604418354,-10.595110126853,-5.0171058292947,-1.09861228866811,1.29147480168245,2.43459971089715,-13.2051289287881,-10.9521012295396,-9.13684856733014,-1.81577631497546,-2.81520753798984,0.280926292595201,2.69572764325823
"icr038119",-14.5837807878793,-10.4882383222966,-11.0936485110503,-5.4888182621291,-0.895384047054842,1.34885572110244,2.8205281845289,-13.1349387408145,-10.4740342962588,-8.80658193298585,-1.74010261184129,-2.95565993368265,0.23475863043559,2.68423344681403
"icr038138",-13.5792526232177,-13.177400528199,-9.3067398314177,-3.13940278133562,-0.349895256953353,1.74453193867098,2.46404198851787,-13.2972420552877,-11.9912368866121,-7.86437254813897,-1.59044144880221,-0.895762297212105,1.00016344732172,2.68297449946447
"icr038139",-13.4937554419336,-13.9538804919518,-9.15687685410201,-3.42003577554338,-0.28768207245178,1.72878492787833,2.49291323193227,-13.6314631605658,-12.2507788485083,-7.60232922564925,-1.6644206915187,-1.21065911096244,0.730041583236333,2.70425140444041
"icr038154",-13.1312700021213,-11.5872889399566,-8.77643057749067,-2.6333007206015,0.782492280895795,1.48278036390238,2.46040193384319,-13.2121534293274,-13.1266404912965,-7.8918311122727,-1.77447720772057,-2.10910380484108,0.562638873830135,2.74440831135186
"icr038155",-13.0691237813647,-11.9465857244834,-9.23355195991363,-2.30619786776128,0.74391950593337,1.52804413564839,2.57079064391178,-12.7847260529499,-12.1659087075608,-7.47331816700073,-1.37115261122075,-1.68134423227581,0.557325518386089,2.75592027049996
"icr038170",-13.6929162971795,-12.0560290613553,-9.40237440080707,-5.09266220882668,-0.655119784970706,1.39065812304898,2.79279673177018,-13.7479220145587,-12.293059724689,-9.62155178992911,-2.54321489926116,-3.01912347722329,0.701179462311458,2.72886410686581
"icr038171",-13.8542686130131,-11.658641510951,-9.28804732627851,-6.08403623359218,-0.754705073559379,1.39659271308985,2.87602430948802,-13.5053303844618,-11.3566505996481,-9.68387702553548,-2.56315687978788,-3.14167994899149,0.72787286963482,2.71485163775064
"icr038189",-11.7099263741403,-9.62123447351826,-6.11372996684739,-0.97947070342194,2.29892878179093,1.55879831183821,2.59747828551682,-13.1608961489178,-13.7280447341508,-8.24699867625969,-1.58310075134973,-1.77214001763398,0.947443892798943,2.72439947079346
"icr038190",-12.4476716498878,-8.63632371536812,-7.29491754481027,-1.9392765311952,2.14463478855749,1.51102726700664,2.52868427213389,-14.6706067874901,-12.0615951319289,-9.02685376154369,-1.80833142747547,-1.6298855508775,1.01021297047901,2.73786743453003
"icr038216",-13.5312051967792,-13.1314530845593,-9.59215144525592,-3.7678848819264,-0.593063722002963,1.35232502474073,2.44213283380471,-14.2263091397112,-13.36625068579,-8.58249194768018,-1.76126556643051,-1.2948698155574,1.39505147987253,2.76086438564208
"icr038234",-12.982105761263,-13.0083001643686,-8.54867383837667,-3.55463346525966,-0.00664454271866965,1.72109281827535,2.57545498625298,-13.7423040284209,-12.4805880842995,-8.20353598435193,-1.83773821321883,-0.877309643786187,0.956255165031352,2.71125712886904
"icr038235",-13.2549595848052,-13.5557294880111,-9.11343721890241,-3.95029043038634,-0.284931039079892,1.72381155175372,2.45734435383207,-13.215970016688,-12.2252724948349,-8.1324234490344,-1.81956080154197,-1.11746994999055,0.878356622129907,2.71437153365607
"icr038251",-12.9082643444606,-14.2221458633457,-8.56915747242314,-4.11020352854547,-1.22050210627715,1.15286387108563,2.59056453200478,-12.9497696333893,-13.8274352743384,-8.67018354129651,-1.87348316502606,-2.23505792793961,0.302270698687216,2.80879012335786
"icr038252",-13.6770641558626,-13.6156217277325,-10.5412285392706,-4.80423170552316,-1.37763629837678,1.14719058094862,2.60979156056986,-13.5525499209931,-13.3110184865339,-9.51115687509095,-2.41693969369253,-2.47100363608797,0.476531842188856,2.81573827511737
"icr038273",-13.3432815672474,-12.6221586627765,-9.54599810562937,-4.01856638772212,-0.85377037489282,1.65392092357772,2.66317148462957,-13.2141847150584,-12.6747599186674,-8.63549484889313,-1.6391771791141,-2.45641637519251,0.580129063470442,2.71654289347318
"icr038274",-14.5115188242646,-7.7270268410587,-9.70946400654163,-5.55562695514681,-0.0317486983145798,1.67653354406119,2.78184066253728,-13.6896179541391,-11.068765550952,-9.27318337211184,-2.34915365820819,-3.15905583833333,0.686743384698265,2.6586266595629
"icr038289",-12.7887533242653,-11.2691802412086,-8.08152330206008,-2.49258580236158,1.58483875342073,1.44733308533126,2.66488344949685,-13.7391208952515,-13.5205318736708,-7.80699142499675,-1.87419704065783,-2.09731198053564,0.67930911917774,2.79028170814853
"icr038290",-12.9678250551963,-11.7743399810407,-8.61194876966108,-2.83220146272605,1.16760516015506,1.41272012190807,2.63103557514129,-13.6927113653312,-13.3782972757473,-8.4606533652589,-2.24122102721274,-2.1255632107389,0.495522113903063,2.79345484386843
"icr038305",-13.5622154973466,-8.19614770865782,-8.13981918803703,-2.54678651253777,1.85699999109645,1.78584339601025,2.35388854993158,-13.3609477049129,-9.67346295719113,-8.24306297774752,-1.63882615286761,-1.36650162738352,1.1263134416402,2.49301433062521
"icr038306",-13.7661641728554,-8.20289004128489,-8.5052319996791,-3.05383544423388,1.55814461804655,1.77276622687821,2.66621691372651,-13.3645185227215,-9.7668754225684,-8.5048632328076,-1.49211526141319,-1.21736083887106,1.17904447314655,2.4659872313351
"icr038312",-12.0837137419991,-11.5825192835611,-7.01329796534381,-2.03797596875363,2.22102608480254,1.77620806662981,2.63003683983214,-13.9259689678925,-12.5598030076105,-8.28442181246104,-2.07339315979169,-0.972736545591178,1.00691637233977,2.73200142946351
"icr038313",-12.3748062339179,-11.0968225205208,-6.89096937594237,-2.09343237555729,2.58601707516506,1.64338966025546,2.66027126387177,-13.7657588807039,-13.1054376858871,-7.63401416241027,-1.96541954746149,-1.4139653015198,0.998185320557235,2.66677184917525
"icr038331",-13.5512524026314,-12.4692686572032,-9.96492640764159,-4.80452173004397,-0.676052747200645,1.58884718665144,2.7386576724741,-12.9709637979763,-11.2592608523608,-8.4987097837776,-1.55533433221949,-2.00578358101286,0.801113105119441,2.70320831446317
"icr038332",-13.8182544941528,-13.0693001788842,-10.5102850673667,-5.30605697209992,-0.998528830111127,1.5796308307862,2.69754662240319,-13.1470101598398,-11.8270466192446,-8.72546521111986,-1.63088422117466,-2.27657642986928,0.665368921223713,2.72136011643446
"icr038351",-12.6548801290717,-9.59614287394923,-7.50304409990559,-1.96419364049287,2.3475753792537,1.44144376078616,2.57975716513928,-14.0785503411387,-11.4262873830987,-8.35617746179005,-1.86638584567092,-1.32168459855658,0.964494840752644,2.77553649251177
"icr038352",-12.7671782444329,-9.68914474971912,-8.00471533240728,-2.17880086192613,2.02039251282704,1.45189713898604,2.55054158103348,-13.5443098684989,-11.6990205294631,-8.73580644319657,-1.87036885037338,-1.05469057252144,1.20612181577807,2.75707756065958
"icr038368",-12.5961683820957,-11.5329303804762,-7.30811064740895,-1.37053763934074,1.88580622498561,1.84152930528578,2.64782504286857,-12.8904700031355,-11.6633588110618,-6.1442991249619,-1.37722378640157,0.717467135529351,1.46676492420572,2.56450363644219
"icr038369",-13.1170945686893,-11.7361534680253,-8.15762844070286,-1.83002605847157,1.70007518653903,1.84263888937207,2.62945589787282,-13.6568821155133,-11.4364036692569,-6.32938085141037,-1.13013696599003,0.461958042662728,1.66081737128455,2.53260793760778
"icr041987",-11.952394058857,-12.8222693395285,-6.56175390140809,0.397355589996398,3.02092252238255,1.91490952644938,2.41718205491934,-13.0195531434856,-12.91656276812,-7.36740884083804,-1.19975501674064,-0.75090429606363,1.75592695311931,2.5334897146847
"icr041988",-11.9588949096582,-10.8302076430916,-6.353207578689,0.252424943686563,3.75139981109527,2.00972970326204,2.62158363480435,-13.0380588366202,-11.0638036492333,-7.37720764009033,-1.22297832500268,-0.721606958293819,1.71109811760809,2.55841249040473
"icr042004",-13.6059429924372,-11.9288432192699,-10.0549424420913,-2.32528136353721,-0.550647117952662,2.40446954258263,2.87054039455493,-13.7825709387804,-10.8305222430791,-9.2423072523194,-3.10521666248918,-0.985451630852085,1.53002220256378,2.6267940110349
"icr042005",-13.9947936277875,-11.9749127706564,-10.5005705251295,-2.95220391922864,-0.58778666490212,2.64535854769199,2.97019528748663,-13.7712929574412,-10.4972534314351,-8.9887279573947,-3.20983335580958,-1.28606414245189,1.30530116866662,2.64803544350702
"icr042024",-13.5061425281298,-11.9577820655334,-4.51852050011598,0.395539716786079,2.32028467009345,1.90394594995628,2.43926666328912,-14.4482821354078,-12.6200813038665,-5.63223903633601,-0.910697161475844,0.463186057216351,1.63527765275081,2.66138230889393
"icr042025",-13.6757933790844,-11.5380037689051,-5.16777886453161,-0.00251625417532608,2.74345212815313,2.07059192640285,2.48296481963669,-14.178911958138,-12.9543861518863,-6.98370107684781,-1.27474246977319,0.131064862800015,1.47357079512533,2.60885520054871
"icr042048",-14.9033861273899,-16.0111856161566,-8.41729711366173,-1.68537896636888,-1.80280930541464,1.24856617986875,2.47511786445063,-14.5323843720433,-13.5473838793546,-7.7485120254207,-1.43351585522538,-0.697766838937549,1.28753305941184,2.67941193568748
"icr042049",-15.2123346437203,-16.1859533675086,-8.76936710940101,-2.129430712642,-2.76362005225702,1.12938394733486,2.57784247153186,-14.4704850560456,-13.001080625549,-7.85867597872164,-1.52945584576449,-0.715201391444872,1.30564290608197,2.7023410648603
"icr042062",-13.9981918838961,-14.1086765832404,-9.90202972053882,-0.834935340617817,-1.36760222810774,1.44367904490084,2.73302145127775,-14.2473533161248,-13.9052103623786,-8.18098014361543,-1.76646169310559,-0.86070344071084,1.30040095150453,2.75774327575854
"icr042063",-14.5777340956317,-14.3010250989222,-10.5845965460039,-0.998246387037725,-2.13470422035489,1.30634721462947,2.77691871252516,-14.4479066925633,-13.8426556361186,-8.71190920851633,-1.77694548625508,-0.720899457093696,1.32560285575833,2.74405284099602
"icr042078",-13.7269154930514,-12.1841148683316,-8.81222733821046,-2.65532519960126,-0.0287101058824319,2.39822700277322,2.48095186345228,-13.8173680216265,-9.98833281761472,-9.34130435524404,-2.12920709443399,-0.86401299723161,1.51121187065637,2.64557198959621
"icr042079",-14.0871606611169,-10.9951641201797,-9.15676865565464,-3.56868004277163,-0.615588946214071,2.78080955538464,2.46911090956036,-13.8768066268933,-9.43826230957445,-9.06322697587441,-2.55323943303041,-1.31964622850903,1.48407913548359,2.61357480297098
"icr042098",-14.2101043369301,-11.5755445014903,-8.70645789530218,-2.86211426091007,0.135036283803943,2.37086393374734,2.47323245696515,-14.2093242623672,-10.662451089788,-8.92382586809832,-3.05369278382122,-1.06476778262926,1.45973487195008,2.58340255316062
"icr042099",-14.1551752704578,-11.1350294161089,-8.36671264165421,-3.46549439190229,-0.312374685042153,2.61055183661733,2.55537874712658,-14.3206549291992,-9.87196843684868,-8.78758976903323,-3.09915194955251,-1.22845968545459,1.48420999297108,2.58914666852965
"icr042115",-13.7423653753772,-15.1273369409837,-9.16057167143085,-1.00786926070816,-1.06289420606603,1.69263685628907,2.81033864526391,-13.6857994519773,-13.6894308813655,-7.6264282548695,-1.36058053436338,-0.608193402108165,1.26027454087152,2.71707049486808
"icr042116",-14.6914236567776,-15.6566374498018,-9.95703228396462,-1.96885759277427,-1.97155257966865,1.58838450323627,2.77855176912803,-14.2931266493043,-14.2913777187807,-8.79148632109144,-1.94484890649249,-0.667561803184639,1.28702593411636,2.69414878944684
"icr042134",-13.9488865217445,-14.6040724982339,-8.35841067645479,-0.369886545457584,-0.105360515657827,1.61247281612926,2.6421524300612,-13.5288772817255,-13.3810818470991,-8.1723478474479,-1.42431827176469,-0.144828278487286,1.40574630082013,2.70659290719885
"icr042135",-14.67639584613,-14.3873059322275,-9.68871007925461,-0.966305895307144,-1.06784063000136,1.47590651980958,2.62154575825821,-14.3509841644864,-12.7965606814703,-8.7545733437488,-1.49617584816062,-0.601931496316403,1.39581218927059,2.68467653534665
"icr042152",-14.2062721699696,-12.2574794962678,-9.89533703949868,-3.36800702917151,-0.634650973878337,2.62349281307415,2.59613228489822,-13.9037054509776,-9.34866789814491,-9.00547337010014,-2.25039728802122,-0.971100198765526,1.57945651533043,2.49753500210294
"icr042153",-14.5536157586701,-11.8938943482269,-10.2894620454967,-3.66032421043757,-0.97650959186721,2.79578911541022,2.67822941764393,-13.8133147115985,-10.6142459035684,-8.74075242930747,-2.46462917773328,-1.0175626929498,1.53909732258591,2.52648993822235
"icr042170",-14.4565875256292,-13.7896162492981,-8.34517584370285,-0.759579177679522,-0.0312525435041042,2.17290726968551,2.66136686949955,-13.8377832822092,-12.2195277910513,-7.19419129960432,-1.44340870392161,0.00211190055375044,1.73917431994937,2.49240240093746
"icr042171",-14.4591418795659,-12.1867566150263,-9.88100790853011,-1.50083868000287,-0.168622712435793,2.38000469197382,2.84314899216675,-14.2473169175709,-10.3142240509481,-8.96002881487026,-2.0813122405832,-0.736661397380084,1.62301417756817,2.48109080383843
"icr042189",-12.325666671716,-15.3394434405549,-8.82904024985742,-1.20554308629125,-0.605285824768611,1.62682965514597,2.58080492568409,-13.014931556561,-15.1715339548261,-7.36202661215622,-1.62683391600369,-0.0766200879299856,1.67100368279291,2.66131654961036
"icr042190",-13.5682784252254,-14.9515244574049,-9.90028061933838,-1.44223166456814,-1.61681801973172,1.18947024295931,2.61247906670104,-13.5651738882345,-14.928897504816,-7.43155178497553,-1.7353828055272,-0.469780954742292,1.35891977430336,2.69602258942568
"icr042208",-13.9218231944826,-15.3096639018479,-9.82358434809537,-0.527511430670549,-1.3244189574018,1.78346066641336,2.8680864458992,-13.8630966647591,-14.5967311880213,-7.95175892936455,-1.94806832748524,-0.212927259646705,1.47734657432065,2.6475871638586
"icr042209",-14.9407777722284,-15.5411158757107,-11.7096384819035,-0.878370123911767,-2.87638551592143,1.53741932003061,2.65005938024094,-14.4030988120213,-14.470816967133,-8.63378605875189,-2.03393521952159,-0.703155509341575,1.25145163141818,2.65352203124908
"icr042227",-13.5939176338172,-15.0500464099494,-6.86787443445136,-1.50935694836435,-0.486284514849872,1.54337616175601,2.4745037002847,-13.9877140595519,-15.1127728576879,-4.58728828759019,-0.473217222872765,-0.89597276749668,1.41995058660327,2.63028565435328
"icr042228",-15.0041874606205,-13.7752311344564,-6.51178461707855,-1.50548289539448,-0.693147180559945,0.794424134708398,2.60139020765152,-14.944439929208,-13.5997165429539,-6.0506674222416,-1.3518427192052,-0.236027407008256,1.20904415667109,2.6501971654696
"icr042247",-13.7277793238971,-12.396747989086,-10.3753226157904,-2.25614281333046,-0.786479120352165,3.40026323867036,2.99639650473085,-13.3981886735262,-9.92337604872915,-10.6513687022002,-3.04304086054325,-1.66038864699192,1.69114426275391,2.67856296673579
"icr042248",-14.0353227638021,-12.1786134429994,-10.8821699984549,-2.65757498974269,-1.31928365083693,3.2840618047529,2.78235104193707,-13.5184690886583,-9.59803796843189,-10.5782184535865,-3.31808860521008,-2.23807325161804,1.54497853047858,2.72029969954171
"icr042265",-14.9799286101888,-14.1164785572708,-7.49220742791365,0.0230451023535236,-0.383958902887201,1.45795035002633,2.49239059431313,-14.6665855972233,-13.5314483371448,-5.37333877134121,-0.878827048642149,0.345158115004142,1.68432780855214,2.55861496243965
"icr042266",-14.8484895255467,-12.6357457949487,-10.720031732796,-1.67290257141135,-1.32566973930346,1.55685437096122,2.23434540373747,-14.8007446884553,-12.3814134007396,-9.00865828023462,-2.45251562334561,-1.46963664527798,1.3693395212632,2.55217279875269
"icr043132",-15.4288436234179,-18.3906027733014,-7.50565761765778,-0.354858125655101,-2.3150076129926,0.998894260409365,2.73413164981189,-14.7938226247129,-17.311758755265,-4.79230465749746,-0.473118515604546,-1.56310066745042,1.34904680652372,2.58305022602909
"icr043133",-16.6883846775326,-20.0305406446518,-6.68489577481417,0.632818665541048,-2.30258509299405,1.15484011574829,2.70001085454279,-15.2417217108051,-17.9246892569389,-4.81675475803002,-0.969392437301587,-1.9316336016042,1.33246122428291,2.57102592531039
"icr043152",-15.9243951989018,-17.4615192903561,-4.21125715453018,-0.0409597429704176,-0.65058756614115,1.17193345058132,2.79898371387979,-14.9362447846911,-16.3149490413461,-4.64357711280563,-0.133705247011689,-0.715549835306465,1.5162252720971,2.60508423291805
"icr043153",-17.0098349845274,-18.0248312166819,-2.96715355478145,0.237758563069359,-1.09861228866811,1.19381687742646,2.94369741443094,-15.6352895805316,-16.3793130891522,-4.44211549812488,-0.155152693671953,-1.35883407701223,1.33656131828182,2.58572694433507
"icr043172",-16.2974727074505,-15.840230742453,-4.98858452244083,-1.3109985467884,-0.435318071257845,1.30538120511053,2.93307987816713,-15.6770472962386,-14.474478374981,-5.16227094661955,-0.404693562004205,-0.540507375918448,1.47175669837431,2.58084979624048
"icr043173",-16.4986715655999,-15.2123617816951,-2.84238011041437,-0.530622419034268,-2.16781069212993,1.1198896871154,2.56944206438194,-16.1824531465239,-14.9809423203935,-4.93985068746271,-0.612666200249854,-1.59073237222393,1.18077609129351,2.48840255999307
"icr043198",-16.4288774104424,-16.6427640661373,-2.87361995689113,0.726993414924284,0.0170944333593006,1.10969037384126,2.64462972441005,-15.4908364842636,-15.3827098586791,-4.10448105367946,0.387815418959277,-0.427421442343806,1.37247291550852,2.62793262187457
"icr043199",-16.9802262650225,-17.2294288737801,-2.1792720419333,1.44558271559215,-0.499955951529087,1.0430424375133,2.60884355101876,-15.9348672747313,-17.3109475160296,-3.73925599712835,0.536706973042313,-1.25225625898825,1.17275969944527,2.61818586125949
"icr043211",-14.9273018538716,-16.0262918066641,-7.474234781716,-0.162307586624118,0.0434851119397397,0.530404562435804,2.75243466504014,-14.9317831497233,-14.4013507808566,-5.81575292244924,-0.700563964587094,-0.0881030205554752,1.57645337359188,2.609501805823
"icr043212",-16.0539006774668,-17.6435984451009,-8.67459563433038,0.0522450393809404,-1.81915844341617,0.491725452392572,2.16566856096216,-15.2959732832093,-15.2483213603096,-5.69391695477998,-0.832869186344788,-1.04255491315985,1.15495870942856,2.60210943167996
"icr043230",-15.5564433301252,-16.4030093736764,-4.71728620044494,-0.708568282031439,-0.498246841559132,1.35610531999696,3.02045595603609,-14.6061873736995,-16.3108836859124,-4.69400413689204,-0.462227128806355,-0.725610500698245,1.56827518492084,2.61043527460417
"icr043231",-16.2791776965418,-17.7284964424166,-3.82219556441525,0.653522532319048,-0.887303195000904,1.07574150205075,2.74240550342203,-15.284755388801,-15.7710148876677,-5.20942090281422,-0.896662598515213,-1.22154087222094,1.40547933754739,2.65595294161245
"icr043248",-14.5956122736028,-14.7735242671033,-6.36604750159984,-0.546751311870485,0.709676482511156,1.57464262578071,2.88072044367339,-14.5154761789349,-15.6825634163374,-5.31005085037086,-0.573932260397673,-0.632133521369535,1.60168422663068,2.61902353792764
"icr043249",-15.2727373061978,-14.9647508938834,-6.29377778034492,-0.618582762540631,0.356674943938733,1.57936045719682,2.65243936056003,-15.0954939141966,-14.5045950787069,-5.50281257198591,-0.868103458738573,-0.492091937573379,1.43551424510805,2.66649491287731
"icr043266",-14.7446179540074,-15.7614797782698,-5.1623365766661,-1.50242455360177,0.670504703810186,1.77751711251251,2.85543432433348,-14.7882804136098,-15.121159199283,-5.49123661677184,-0.647105458190298,-0.0197018022361849,1.54065580890929,2.66972548283738
"icr043267",-15.7922834357035,-15.6114656223936,-4.10547429419458,-0.196331329541147,-0.143100843640674,1.68466133367169,2.75106977916595,-15.3920991722968,-14.9596059486533,-4.59860570048121,-0.3247416313401,-0.472476876601496,1.43436386958004,2.64245928370093
"icr043287",-16.1128055644417,-18.013916251525,-1.6928113162121,1.55603796711589,-0.540384426007535,1.45259544094113,2.6037019044593,-14.9243551457789,-14.2358991405719,-5.21583049403719,-0.553937611500556,0.450417458647613,1.79327834768866,2.60026835120838
"icr043288",-17.0462205578094,-17.6215960983168,-1.15880821146548,0.515404936511365,-0.492476485097795,1.44629959610946,2.28051932039613,-15.7885336489012,-14.2125000148195,-5.02750171044596,-0.478451783114193,-0.148970218618951,1.59076261122616,2.62383926606731
"icr043299",-15.9033295350105,-17.6964357611828,-5.82942140088968,-0.466057023838789,-1.84176988980272,0.989387070153033,2.75211019089624,-15.3786751122548,-15.7987542099013,-6.50939092078854,-0.562409165447373,-1.122471222745,1.2062716209543,2.66129269073222
"icr043300",-16.8788533253093,-18.6989614103243,-5.5747099551658,0.297460981980427,-2.17853244432407,1.05908144991147,2.69178212213703,-15.5516139128962,-16.199834032205,-6.38839336019869,-0.280534872939136,-1.65098211054538,1.18826859154033,2.63204724800406
"icr043324",-16.0511624381915,-18.7168290868258,-0.839959779612935,0.609212432459387,0.409899705176029,1.84559683186038,2.41104696377153,-15.6622343296549,-14.5744523087496,-5.35434414344525,-0.627729808592185,0.608476760484432,1.69590692302101,2.78644767384538
"icr043325",-16.6960545600102,-15.4893541412699,-4.64637834861777,-1.65747130837002,-0.6554068525771,1.87016417489735,2.25891396277503,-16.3444548834518,-13.9932193747074,-5.73192115473764,-0.891662089315326,-0.302523369056387,1.44711238134727,2.78893135639792
"icr043332",-16.9230334420357,-17.8935103467152,-0.747130501923174,0.246958217883002,-0.0465200156348935,1.44750122458305,2.63217947444807,-16.2888391167051,-14.0846370521676,-5.06490565148789,-0.952729302857324,0.678932932636809,1.7511091984039,2.91275233113375
"icr043333",-16.9854281804532,-17.3130190699242,-0.781922471820561,-0.0685160500368713,0.0150378773645397,1.61435192723653,2.45488563353314,-16.5309966180765,-13.9288544886267,-5.16695791091869,-0.786763383407704,0.433319197307344,1.67341034548016,2.89334348989714
"icr043347",-15.4109639426626,-16.0013145770353,-6.83071032296314,-0.929143449500949,0.0723206615796261,1.38797080744714,2.8609460692409,-15.3587184639925,-14.9677419818793,-5.78442979801263,-0.641225092855021,-0.0951348282092591,1.49138534316681,2.71427415852966
"icr043348",-16.1021719262911,-16.7035433432678,-6.01010459231398,0.141749634921391,-0.559615787935423,1.19332024020973,2.80700091617524,-15.6719965092935,-15.41127393115,-5.7562811822216,0.0907619894821114,-0.572726407832909,1.40387557554559,2.71495515309711
"icr043363",-14.4321078298739,-16.4716779151867,-7.38784356768664,-1.19830910681656,0.37729423114147,1.56462389664431,2.88613717576458,-14.4778329064713,-14.2887062814253,-5.79876152149177,-0.803836433767925,0.418623427225814,1.58303191534902,2.6612939932656
"icr043390",-12.7863290738513,-15.9436429171931,-7.64122308939873,-2.93842155336203,0.0142859572474752,2.83708046084594,2.67803342437202,-13.3140684302291,-16.7741784851665,-5.24968975771627,-0.18730433531666,-0.0505652786840197,1.6879122261112,2.66531188801996
"icr043391",-14.736434792468,-17.7470109785349,-5.14086369462696,-0.497007025613843,-0.877240217002281,1.49629525633422,2.7992209644842,-14.7326413164778,-17.698497329223,-4.6466857468735,-0.440609620090586,-1.36010986919742,1.38035775317521,2.61107673158469
"icr043401",-15.4967452086675,-18.4397792604822,-3.34157587279678,0.542996409604075,-1.04001812440206,1.25621720336346,2.83269476495131,-15.0606074111739,-17.0996248980365,-4.50553725855046,-0.187763654220981,-0.756155014810475,1.34142553434064,2.617660999311
"icr043402",-15.4683543785851,-16.9205296899436,-1.39875571449849,0.354630163688403,0.825318953668429,1.49585656363142,2.68315315102386,-15.4624128790876,-16.8298481593317,-4.75123532252061,-0.215826130648355,-1.49714261576412,1.19432788876532,2.60216297973211
"icr048977",-14.2517851248978,-9.66569429129166,-7.9434844246416,-2.84081663471609,-0.0974553361507144,3.63077182330666,1.96790016694693,-13.2864944919411,-10.245069565316,-7.16863520203727,-1.22502196285486,-0.169216784324404,2.81427966236754,2.58191002887288
"icr048978",-14.6681782767112,-9.9335407474577,-8.40209809157869,-3.10323974584516,-0.739667196194837,3.67261893324216,1.37900982870526,-13.8509112847068,-10.4896245745317,-7.15129952460964,-1.78663378066515,-0.237594960511324,2.29132927659246,2.41469909601462
"icr048985",-14.5028265800668,-10.1026544403862,-8.08712560826912,-2.32525057678117,-0.0188684843043827,3.8828593346927,1.48807705542983,-14.3918728159119,-10.7319123526599,-6.50372812597256,-1.38473581774314,0.350312100668625,2.20777980267945,2.42927241416829
"icr048986",-14.8601772056314,-10.475340742792,-9.03031064291941,-2.31862683295308,-0.542324290825363,3.43737703823966,0.803778815058704,-15.0782094963585,-11.5963536647407,-6.3642562024907,-1.00733015027363,0.698903996038306,1.85637234813914,2.43524988700363
"icr048992",-13.4530499957472,-11.8576928443443,-9.37078354843583,-4.85281695471908,-1.81474898745275,4.08830224776614,3.59662303877365,-12.8168685147041,-13.7885526289309,-8.34626020145399,-2.80130596274615,-2.23820325456221,3.59746778971919,3.51415156831014
"icr048993",-14.0243629299872,-9.86164507213556,-11.8295785262649,-5.65779042502565,-3.61391641564048,3.1713348800992,2.43818971666847,-13.1414248553849,-10.8263969991197,-7.49272257390442,-1.79006245261787,-0.860490557046639,3.19871641062079,2.69210348943939
"icr049013",-13.6750121970725,-7.52891580468856,-5.73835721194922,-0.552957755359424,2.25746465771357,2.43279973299257,2.26155882924624,-14.4016845420422,-11.7631245550881,-7.8269173811816,-1.64286535553681,-0.181935678622449,2.11988955260351,2.51470932950757
"icr049014",-14.1605963889423,-7.85497837739845,-5.80050103163921,-0.332976766595213,1.61975487940503,1.86914613284347,1.76603457798962,-14.1627532886122,-11.0641124373987,-7.75907746047277,-1.66154030517606,-0.181373829506731,1.67999672563999,2.43527277216307
"icr049022",-12.510089199709,-4.78331007436253,-4.12553013093765,-1.51259669382247,-1.5923434790748,2.23049406383953,2.09183728110502,-14.0960859735374,-12.2325944480215,-8.05345410851789,-2.14634831599947,-0.521190875099688,2.30226357802151,2.51297975407693
"icr049023",-12.6319026042639,-4.68977270804258,-4.33292463207074,-2.07196844725359,-3.2110017684373,2.24997357237122,2.19497738537931,-13.7156403947154,-11.9476780083418,-7.75170338052215,-1.73434775954857,-0.622849768373989,2.36401015912905,2.53691538891653
"icr049044",-12.9437936357943,-11.3084435782014,-6.34949251623996,-1.14628777912026,1.11591375830386,3.14563064364272,2.34211295975726,-14.0530943432441,-13.7253014050637,-7.32336711654921,-1.5364015824387,-0.345641744360317,2.2347759788059,2.62756168327114
"icr049045",-13.3153242313454,-11.1309799183438,-12.0128311510139,-4.43374386890491,-5.1191907006506,3.75463083167672,3.88115446116076,-12.8566322634222,-14.7397616120511,-8.09906380026349,-3.51675511256268,-2.57111958480041,3.96116135118804,3.68172015632429
"icr049056",-14.1092619552185,-10.477546785562,-7.47451374714141,-3.40721668677041,-0.116971676585504,4.64088826859017,2.38633269152312,-13.9855681593953,-13.7574290467201,-7.67145882041216,-1.32283361054153,-1.33153621092505,3.18484403324572,2.77828284650404
"icr049057",-14.0436656443835,-10.4548571100379,-7.55206227016591,-4.38460687718463,-0.933532538308661,4.81624115606803,2.98428848669369,-14.4091927829159,-13.6689001540901,-7.98300320229853,-1.63034478119502,-1.23534695107619,2.88230172539624,2.72577579395931
"icr049068",-14.3923856740736,-8.72162872472147,-6.1589925977443,-0.260525306482633,2.68677280265493,1.56717810314422,2.29649723537454,-15.2417871008983,-12.3453560132944,-6.95854689901608,-1.25116636523334,-0.411172178927726,1.41087653514168,2.57287925825722
"icr049069",-14.9853943190024,-8.35029176402398,-7.35403212748137,-0.707312438332875,1.86214026598986,1.68193341447225,2.05526962683619,-15.0867840421914,-11.2353252058547,-7.85868262477011,-1.68651462294841,-0.320424924056002,1.35178526724414,2.48999443085491
"icr049074",-15.5454246632596,-10.1432338591116,-7.34001014866256,-0.723480950566933,1.6031682994205,0.984805401391365,2.08922498798891,-15.2541739043557,-11.4242222390391,-7.13462616683603,-1.55040865403541,0.348014792645239,1.48657450684182,2.45262974745732
"icr049075",-15.1799708107842,-9.87750376220954,-6.96467625887716,-0.921533875942553,0.536801110169252,0.97480150721421,2.21890766982417,-15.1248811774979,-10.5298783836023,-7.38337379726027,-1.86148378796484,0.214159132703482,1.53067567600349,2.40209975498941
"icr049098",-14.2062968002023,-8.03919075889252,-6.16417773828736,-0.717298280836151,-0.0530427359844801,1.46789774019877,1.77754122022578,-15.1438520525418,-10.9715330511995,-7.50210875963278,-1.50407974445045,-0.100129044216728,1.20827500285447,2.37692129350806
"icr049099",-14.929090281554,-8.99573482268815,-7.93016336113383,-1.53164608899362,-0.109562202511526,1.73703456953881,1.65809760494832,-14.589738828823,-10.3669989432585,-7.89983273153583,-1.70282001101393,-0.0731188968051685,1.42741633596494,2.32725512225987
"icr049100",-14.7437461741547,-9.63739353689263,-6.23620599330979,-0.138925474215031,2.09746004718251,1.49489637070189,1.91539175112184,-15.2599483713292,-11.1543002181522,-6.86596788846043,-1.32787198783063,0.378577894066306,1.44900348340723,2.40143934270416
"icr049101",-15.1917391337606,-9.73541316774775,-8.2125599527226,-1.05186554973255,1.02799472145416,1.60216515310502,1.91404904698633,-15.2189625041587,-10.8578007366017,-7.02765545858045,-1.53018231856275,0.22100628908769,1.58037913892022,2.38428797759524
"icr049115",-15.1000274170093,-10.1168726293343,-6.98276324274695,-0.513374508067369,1.74296930505862,1.32913594727994,2.2742888163156,-15.2632015923045,-12.1056135505874,-6.59982147859115,-1.09173974564267,0.424899794364235,1.35091672476502,2.40050388880421
"icr049116",-15.4072053767383,-9.97778391703046,-8.9713701834627,-1.69384262676806,-0.17185025692666,1.18302963048069,2.04022082852655,-15.3619494532484,-10.8610194583594,-7.47336842908913,-1.5361639694829,-0.161213568569757,1.12151775422211,2.21205278127442
"icr049130",-14.275506278997,-10.0743728010803,-5.1226175117543,-0.236903456600168,2.21816775118146,2.09251362324719,2.47224825291608,-15.1134267571683,-12.1187425515697,-6.66960752953471,-1.23835513397086,0.495757211015939,1.59433592319146,2.50363039483183
"icr049131",-14.6881763943511,-9.71950113061917,-5.70253084406682,-0.832201805358043,1.83859076891216,1.62151049366837,2.20753394699508,-15.2813181815197,-11.0666890179771,-6.74896280057371,-1.57683557257997,0.285911839614803,1.4313829198585,2.36036202972558
"icr049152",-14.2133236266654,-10.6430545478993,-6.68063700523759,-0.415439120701336,1.75735804251072,1.71066619080702,2.49269336363434,-14.462594673391,-10.4259979774735,-6.83240843449365,-1.62688043670363,0.494580286320985,1.919831375953,2.41567492285522
"icr049153",-13.88381460156,-9.08967749764853,-7.44389719376063,-1.28906002699254,0.960461950187293,2.52860634413587,2.22758860131326,-14.1722141026001,-9.92875636687302,-7.45193450368439,-1.95854106417627,0.375071738903678,2.31380076840609,2.35389067358617
"icr049156",-14.7672396234389,-9.73090586103305,-6.9761308175126,-0.380590269348865,1.9072723563499,1.54929955369557,2.26501664538288,-14.834666548779,-10.7643890251132,-7.16831132583061,-1.53031541500326,0.187639563138566,1.81663223230635,2.33192815692518
"icr049157",-14.3970299158506,-8.6144083936652,-7.10502804850398,-1.38562911689962,0.494516885724066,2.35251226695055,1.82416971337881,-14.1687878234269,-10.3670788999995,-7.2406521812833,-1.57424532862769,0.107868363781212,2.28256302567276,2.32936188539224
"icr049174",-14.8834331531801,-8.22298176432976,-7.16091679557221,-0.693048926831768,1.62569843330588,1.43798950401596,2.15166610023695,-15.1701954298908,-10.7352755371902,-7.22050191507671,-1.45408396907683,0.419908852361728,1.57769166127884,2.32390123557475
"icr049175",-14.9040050286005,-9.18303396975981,-7.64902582824318,-1.42948620816901,1.28785428830664,1.89711998488588,1.90089193190843,-14.9698113791653,-10.5072745607918,-7.47489046784114,-1.63842866050597,0.0418782199487404,1.43478682083926,2.23378275738703
"icr054437",-13.6088661943666,-15.6727765993441,-8.52697744409188,-1.9921527424462,-0.832909122935105,1.48911357934904,2.65998542375673,-14.3539171783299,-14.248577544361,-7.16268551070248,-1.52129635403097,0.973598016985703,1.65919066286573,2.76738570156055
"icr054438",-15.0311906390721,-15.8655407498649,-8.3062763985431,-2.58495630322157,-2.04022082852655,1.56260661275,2.49099871883854,-15.4049149372487,-14.2169153897438,-7.5767471225239,-1.37699441771028,0.277760690810648,1.45286941799841,2.77070263412538
"icr054456",-14.3631154997027,-15.5042219836883,-6.96997526969347,-0.615575367899056,-0.351976423157177,1.28366580050789,2.42373781347291,-14.9665633554086,-15.6657014749314,-5.57715736550076,1.02508300572259,-0.376534190896522,1.44547669019853,2.65182428603988
"icr054457",-15.8362471755763,-15.9880400295101,-6.41446772763465,-0.379023928203363,-1.78058616862993,1.31069162037694,2.22107621209615,-15.264283141356,-15.9306773166025,-5.92753778039475,0.812128576743969,-0.683847745930388,1.40900751687216,2.65457737010251
"icr054469",-13.7630119313579,-16.1421629649956,-6.56337315410234,-2.3784870478191,-0.883887307819496,1.64665150877453,2.53084882342437,-13.9487433859031,-17.5566305520214,-5.29183752746802,-0.406404540763312,-0.557663781797758,1.55798922328297,2.65671477606683
"icr054470",-14.5673134983752,-16.4453369488315,-7.11521384949413,-2.6053838675423,-1.38629436111989,1.94644505144838,2.6414097947034,-14.2553962697348,-17.5918213123831,-5.44232983980413,-0.747020380988275,-1.07661904160694,1.44274004045701,2.63888883420937
"icr054482",-13.2415764653667,-14.9859552475458,-8.36284327007822,-1.17603108578131,-0.170221149859868,1.65562729490347,2.62551521278661,-13.7835033209763,-16.0484608314635,-6.10690799772296,-0.885629062830619,-0.756756704541442,1.60479957484178,2.62734325785979
"icr054483",-14.0981986134035,-14.8605266898625,-8.3196005416957,-1.28547155745693,-0.971860583028965,1.40179854765586,2.6583909212508,-14.8611344714249,-15.3552739492862,-6.79162794902949,-1.22589465033457,-1.43345308739789,1.14119375038409,2.6189730596766
"icr054504",-12.2776179324681,-15.5504296963958,-5.61995454128341,-1.32559019542359,0.25365909524016,1.34652630257801,2.53648271606848,-14.0826820379796,-14.4615311878823,-7.08437938897634,-1.31832640978676,0.566863745445448,1.77746569803137,2.77579183433918
"icr054505",-12.9181421693081,-16.311169708299,-5.76968008181863,-1.46890190096773,-0.0948341026708395,1.21795904630068,2.52832032432473,-14.2456583147793,-14.6505205986735,-6.81970928478085,-1.28788631862355,0.593884357684466,1.70978954889175,2.79760231930607
"icr054515",-13.0940763046014,-16.4600220283081,-8.03896989665279,-2.39156121437611,-0.207639364778245,1.78657811048606,2.63038357901632,-13.1985835873888,-15.4385946837476,-6.01289706923345,-0.857564605873683,0.137281356607076,1.6737417358093,2.72448303764327
"icr054516",-14.070142698517,-16.6092130584425,-8.54660827621157,-2.72209950210119,-1.09861228866811,2.04947436460735,2.56318254609561,-13.8672723507895,-14.4614641332218,-6.77503429647308,-1.32107816579319,-0.327413365341723,1.62990568172329,2.71833376172384
"icr054529",-13.0739328969698,-14.6258893047856,-9.02582514260568,-0.201992390828581,-0.980829253011727,1.48637781967687,2.57476297890986,-13.8634399626464,-14.4103400449267,-6.9121683742445,-1.3358047748725,-0.600686537889489,1.59138082643495,2.65676803609232
"icr054530",-13.9529336750393,-15.2583238063336,-9.57065969232152,-0.465908433558166,-1.43508452528932,1.4305334934539,2.74273784377631,-14.4686623258724,-15.956291912478,-6.61321359197769,-1.489839991603,-0.783116900684332,1.45753532958526,2.64551548497081
"icr054550",-13.5946792254437,-15.4387337288792,-6.19262456372176,-1.40509119676438,-0.503526321284378,1.40330570694643,2.66929125495648,-13.7074600647216,-14.3171779326247,-5.61311594383973,-0.980836510828806,0.292711755891025,1.63047228981027,2.64879093567686
"icr054551",-14.8310042156211,-17.3607074838126,-5.24565201939891,-1.63939053627623,-0.623467259921954,2.08337081981973,2.74940899455454,-14.3735699069126,-16.7755311630376,-4.80376443209824,-0.298690921292282,-0.769370285572867,1.49622421759695,2.67172054236761
"icr054564",-14.2997990815406,-15.7525990993826,-9.33139850601075,-2.34164909704741,-1.49290409617815,1.53485596918374,2.70572145185063,-14.4270431841267,-13.7718988618418,-5.49408564764245,-0.977823878999778,1.26821066915283,1.67096572930291,2.73846246142954
"icr054565",-14.762897838309,-15.9156637745689,-9.26088213916463,-2.61038790883594,-1.69167601067107,1.48556843072131,2.76786334503875,-14.6669517595737,-13.9782062391551,-5.64407113345697,-1.01488934690898,1.03354699614402,1.68808373904663,2.7166837180345
"icr054585",-13.7757453752361,-15.1810077127998,-9.17557167423657,-1.77973225845994,-0.906240396020653,1.63698786420233,2.65015622268331,-14.4866135266749,-14.2995926319067,-7.22006626219582,-1.80670823095278,0.448296014444657,1.74413134302177,2.72571228055992
"icr054586",-14.5775294944307,-15.7492217240936,-9.46934606148278,-2.5549949359423,-1.44345277495984,1.55437813525107,2.8507719372513,-14.7921024659738,-14.3552192470032,-7.04130360860531,-1.67328356108246,0.606205025640912,1.69344238934756,2.74375666160795
"icr054606",-13.4810004273841,-13.073611991615,-7.50155842179441,0.371992021393789,-0.0336732151065888,1.17580192735924,2.59270559630536,-14.7481802677831,-14.4052360839817,-6.27796019545279,-1.5503443314733,0.0380200478536471,1.60378744388243,2.76741345679815
"icr054607",-14.625035115967,-14.871053375587,-8.09624301065624,-1.34556406100195,-1.70869287052944,1.33711712514381,2.56597361976221,-14.9370556886523,-14.4008762935085,-6.47358731493664,-1.51550503223719,-0.326280112864563,1.55669439603292,2.7578267422592
"icr054618",-13.419085697814,-13.9085014651864,-6.96875435446228,-1.64658945024622,-0.12078153865264,1.67225589732322,2.54759879508613,-14.0318721633614,-13.9663699655877,-6.45017170146316,-1.22221511499723,-0.493897404262452,1.67807751183556,2.66862238173127
"icr054619",-14.2925309728701,-14.4443145674307,-7.13407691304736,-1.95697175987641,-1.15160481880862,1.38503728992984,2.68038621859587,-14.5713510776812,-16.2476263546672,-6.57614197930556,-1.16457263623049,-0.934067178363293,1.43989649544483,2.62466766257572
"icr054641",-13.6478088184122,-15.3713122627267,-7.09140782145556,-2.35700609180693,0.368560551172713,1.82469014704107,2.71219546626261,-13.1505079956117,-13.4972863459828,-6.24523203067574,-1.24705817101808,1.29629889115614,1.68678937228917,2.71287587519095
"icr054642",-13.7102998532394,-15.5960967447211,-8.48810440706754,-2.12293541983484,-0.808660067681791,1.4744427478966,2.51582012225347,-14.0274929818143,-14.0063851043133,-6.7996068057765,-1.62874455071248,1.09045316230617,1.71128641744151,2.65461479327176
"icr054656",-13.5003857262773,-14.4236536960585,-8.13677474151039,-2.40970062532547,-0.483629880957499,1.5813917937484,2.83273910322784,-13.83609008748,-15.4574286625134,-6.20939282549829,-0.102147279237922,-0.79392916418174,1.46642322204611,2.66375606939677
"icr054657",-14.4754424600175,-14.6718768010246,-8.62692904202889,-2.81830458439811,-1.83827948486295,1.01726664921416,2.6937519878263,-14.7907142394783,-15.5364558846812,-6.85626993999121,-0.390671200320987,-1.22746374197867,1.25416023546719,2.63156393142602
"icr054676",-14.2159300178862,-14.9722080326388,-5.89326489527447,-2.40925467330454,-0.687030953542509,1.78749051930848,2.74791128996444,-14.2772440845781,-14.7147520274369,-5.88028419444907,-0.624869564335242,-0.0630240872343908,1.61061783447932,2.53859699819426
"icr054677",-15.1228012984777,-15.5833434751433,-4.90260408700372,-1.46113375650703,-1.3202042492909,1.7127374822719,2.68644756766978,-14.8807351640086,-16.8753576562154,-5.06684660615419,-0.496125878498035,-1.90691524579406,1.35777171631239,2.5302589880885
"icr054697",-13.6575360410574,-15.7084587918384,-7.65379543429351,-2.22365553914251,-0.316120007772314,1.84432839021227,2.71446803051508,-13.2796036078571,-13.3149802067482,-6.04233889908956,-1.11091733861942,0.434869113997762,1.76406350575571,2.69598648073742
"icr054698",-13.8129088554798,-15.3387025535333,-7.60613935256437,-2.32614901534922,-0.400888441080754,1.80646561661775,2.82449809234166,-13.4654831925489,-14.1300740273891,-6.4476201830348,-1.27184893438789,0.517594896322213,1.66002062191841,2.64005526548409
"icr068101",-16.5837686609194,-9.92485616305524,-3.9149536060369,-1.24199958906911,-2.70001802940495,0.965946322320017,1.63677175913514,-17.3383492882968,-13.4854103338738,-6.00609137746242,-0.889517843187202,-0.973060377479861,1.21572696899531,2.806184102288
"icr068102",-17.0015416869324,-10.3752200488639,-4.82276573298306,-1.5640982624035,-2.68557734525015,0.985671877487514,1.58324758018191,-17.0828634216873,-13.0765645287939,-5.81037246422708,-1.07925104883564,-0.791443660826364,1.320250168117,2.64534280599264
"icr068131",-16.9115026974973,-10.96614257329,-4.35515515820206,1.55381609189108,-0.347196199984189,1.07275890984178,2.68207471469895,-17.0985848438284,-13.2739555121279,-5.00562005363708,-0.546691941938704,-0.26747012891589,1.41533518978658,2.65368778783436
"icr068132",-17.35513886176,-11.5867252643738,-4.60535941078166,1.14403183007665,-1.07158361628019,1.13557007744154,2.34480061152139,-17.3146804810071,-13.3437933516125,-5.72508805217423,-0.321687144091928,-0.663673647730814,1.3975978388094,2.72146580127343
"icr068149",-17.4414095827896,-11.8042666009367,-3.30737333897558,1.04629240067932,-0.182321556793955,1.10190718456496,2.8662742063171,-16.7635127810484,-13.5463051865216,-4.41016553770395,-0.970838541877368,-0.0254948024348974,1.4472592388485,2.8622931515004
"icr068150",-17.4581514420499,-11.2872823877268,-3.93659433028869,1.16131987036745,-0.750305594399894,0.960990910792063,2.40576932922928,-16.9557541227764,-13.9542231549371,-5.24028591747853,-0.855911680765021,-0.286998737496144,1.38380645958842,2.88638598353481
"icr068161",-16.5738921517833,-13.4688556414995,-2.93023243610966,0.658464359755314,-0.0629138254105701,1.22019563983282,2.58947003507281,-16.2843394114364,-13.8749140273271,-5.24100579607752,-0.809842423305623,-0.339309274786139,1.2662489214719,2.82074467310089
"icr068162",-16.6886478901279,-13.5971877436871,-2.99333456844639,-0.12382014131606,-0.507247802418107,0.909273159215509,2.6335944935716,-16.4471273855269,-14.0107931687062,-5.57693289739861,-0.745217260960312,-0.885528461524723,1.13626503924225,2.86284352808089
"icr068181",-15.6797936310585,-10.6566747105368,-6.13659776134902,0.461953962582017,0.143100843640672,0.913620503318276,2.45870427739398,-16.5675174348493,-14.3977778497379,-5.4631714271081,-0.395410315899261,-0.635387832717245,1.25641674573514,2.71884776133369
"icr068182",-15.9019026269548,-10.1778427812088,-6.44877624322173,1.25433404019127,-0.382992252256106,0.952161358142154,2.41757126417751,-16.2671677771205,-14.3343450008986,-5.7740771769949,-0.442998841836941,-0.715676493639695,1.20971725542109,2.74451377266113
"icr068199",-16.0719043977254,-10.5535339046286,-6.44077534099582,-0.932875636309976,-1.01637419043114,1.52638315429057,1.61608245515277,-16.4637078980643,-13.5906074944139,-5.5466300544217,-0.304335554708358,-0.516806061545421,0.850710142518609,2.63553438185534
"icr068200",-16.6379107517328,-11.6232456407869,-6.17048402446054,-0.447952294633231,-1.08518926833597,1.42470380923476,2.06417406954905,-16.3030539378297,-13.9336946359403,-5.94137873508457,-0.246977139402041,-0.679218533349368,1.01120635859709,2.6858637162922
"icr068221",-17.1907121816983,-12.4472771926092,-3.54679403984753,1.20947092698134,-0.680243775724037,1.18157186763677,2.4932649074022,-15.8536109120774,-13.8717562746751,-5.39416165972375,-0.43498308528301,-0.0982971058100065,1.09066503992588,2.64841247793202
"icr068222",-17.7361777341565,-11.9245157682751,-4.46052664910401,0.784407895488844,-0.631271776841858,1.17411984117626,2.42086183391842,-16.4664367649293,-13.8810852785412,-5.14500841183772,-0.442834497043693,-0.313045423004434,1.24846136778874,2.87541545710845
"icr068239",-16.5336456554453,-12.2805767533361,-3.63832143031239,-0.361191789359012,-1.04020152651169,1.23681157597294,2.52168005578226,-16.1199465492694,-13.8561697108899,-5.92890859876239,-0.583106127063512,-0.184300342277181,0.998089715121559,2.54840552239198
"icr068240",-16.4621893440272,-12.2525533140877,-4.88591258218338,-1.3679178721896,-1.468986076965,0.965887673013528,2.54659320152032,-16.5219102864923,-14.3443309670402,-6.13522581730352,-1.13762159068993,-0.974656329663748,1.11585967653208,2.76858638600545
"icr068265",-17.0942949057429,-12.9948185389762,-2.5204428663924,0.493442601869129,-0.370373788296895,1.28473416097039,2.54374714981093,-17.0804197463504,-13.5999176809051,-3.19487036642544,-0.520902417129081,-0.235805286754186,1.20379936197231,2.74226672569439
"icr068266",-17.5179114711962,-12.9932026175364,-1.76968104694465,0.905467962069494,-0.916290731874154,1.28146029980431,2.55389952127495,-17.2587817435168,-14.0867646788682,-5.69782658054607,-0.628377901404813,-0.87330961040098,1.11371393868445,2.78533149703478
"icr068279",-16.8983762007043,-14.0838922628445,-2.74496644254144,0.344432788187527,-0.31015492830384,1.16878649520089,2.58147865941275,-16.7702408696431,-13.7489658170267,-5.48968240884409,-0.352956157802922,-0.441767438478019,1.26142187394919,2.74870576148806
"icr068280",-16.7962659943161,-14.3049576668416,-2.90752948330906,0.282859088020039,0.251314428280907,1.23659803164201,2.65075655161394,-16.777734544531,-13.9744998204897,-5.78224323249925,-0.566153295259466,-0.875754349806124,1.18416177881147,2.77907843248727
"icr068301",-16.3713729247879,-13.1139872025275,-1.64444934821223,1.01394563019928,-0.945849534115698,0.943441720940106,2.53405211685689,-16.4727138042321,-14.0780619291145,-5.65191129795079,-0.320744499977634,-0.878557666744423,1.28915395693854,2.70010417099932
"icr068302",-16.8139072225844,-13.2162581379392,-1.93279986957048,0.722745237722975,-1.42977947305963,0.797046775578098,2.87382141195249,-16.2547349365459,-14.0905879838814,-6.25023994720217,-0.327002809169556,-0.936466830117236,1.15656798326508,2.67692132716336
"icr068321",-15.1317978603558,-11.846043958597,-2.84451017580232,-0.0298033491149905,-0.453006052877166,0.725304292194476,2.49914587440248,-16.0500468752391,-14.3355746090776,-5.78657380463526,-0.608527438124562,-1.03803037095546,1.26277133700024,2.76358633442346
"icr068322",-15.2750676185324,-12.3110109042938,-3.38178386739582,-0.479825625181505,-0.780520810768534,0.675236253993415,2.4614863755799,-16.1575087959294,-14.4403114265272,-6.55965935216105,-0.755471578392031,-1.31478103644285,1.21892402869187,2.70129623855843
"icr068339",-17.2777063943768,-12.7478038424287,-2.19273631565764,0.298604986341136,-0.0141846349919561,1.15565422705513,2.62281441701232,-17.0271162320484,-13.8870646797134,-5.24636289112708,-0.91883831107635,-0.586232518002344,1.39699199635413,2.95413134241531
"icr068340",-17.4079216662543,-12.5722714581147,-1.82007764070907,1.09614205962837,-0.731613461387742,1.18694554291566,2.71634900391691,-17.4031219972621,-14.1308607281679,-5.65030127325921,-0.82860153291058,-0.885241927400754,1.23293437483198,2.90994340462787
"icr068361",-16.3732724711313,-12.5633578368482,-3.17044893052557,-0.116786340353048,-0.475058399907359,1.09861228866811,2.52845995361975,-16.2567003172994,-13.8051765167026,-5.81877009520847,-0.318279375593405,-0.732701538219998,1.10605386459106,2.70814195794248
"icr068362",-16.5417950527975,-12.9158862105687,-2.81814978885638,-0.405518756617459,-1.75972011548344,0.977005156573323,2.61739583283408,-16.3848622810471,-14.3338333523878,-6.2563330253347,-0.352293278087361,-0.929016423932229,1.13997980158628,2.70075094143829
"icr068381",-16.8350237192173,-12.7166775194157,-1.36364607879476,0.175668995845111,-0.933288308242725,0.999178391679923,2.61048987256335,-16.9050039343041,-13.9208709118251,-5.72695503535092,-0.706396863009698,-1.03182470054504,1.15742544748553,2.81341488773537
"icr068382",-16.8290869752516,-12.4120739488807,-1.19814861956534,0.256678408797912,-0.908468006192946,1.14267227846214,2.67021249739505,-16.8357586315126,-14.1167532493515,-5.22710455500492,-0.780420727026917,-0.838358045842115,1.263819288927,2.76523307429407
"icr068399",-16.2300762403715,-13.4932395113563,-3.34994823590411,-0.0419032744985337,-0.570544858467613,0.913620503318276,2.62009386774649,-16.5413970031948,-13.4100179099867,-5.5735892928027,-0.340503842747128,-0.307187682020972,1.3838810246764,2.67300762526551
"icr068400",-16.6322359560188,-13.1129021391361,-3.91695793227409,-0.705515951747156,-1.61655538020296,0.991341833400812,2.67674774120805,-16.4681223171071,-14.0228642812154,-5.99312690816074,-0.337951668612541,-0.755325131465918,1.3111234225366,2.67446747003805
"icr069789",-17.3767671894389,-11.3869956724528,-6.9924435964607,-1.97245768215432,0.251314428280905,1.09247730010059,2.96458554455715,-16.2614227020661,-13.3328239060838,-5.38743979047586,-1.10449102859401,-0.0980523357759947,1.59069165632879,2.91495286753522
"icr069790",-17.1500252799604,-12.6627668743943,-7.00773081412911,-1.71962671622516,0.60077386042893,1.35644139797021,2.87865463420841,-16.5791989704725,-13.0628876984391,-4.5187090685372,-0.915477291839937,-0.140034645208758,1.42970251112894,2.75977912529609
"icr069809",-17.2946939828399,-12.4519739685624,-7.11374479650853,-1.35404765402749,0.559615787935423,1.32377400413856,2.92571847293293,-16.5235607604588,-13.0139776060034,-5.97206260273147,-1.12453264035389,-0.086506511227349,1.71069790663448,2.73468608518864
"icr069810",-17.6225952241456,-12.0360350203317,-7.25914476590485,-2.60849345601578,0.223143551314211,1.09861228866811,2.85287178564095,-16.5252445922722,-12.8813256671371,-5.25578655090583,-0.920492763292769,-0.071718997123085,1.53620988513948,2.71268566518248
"icr069829",-17.4192194959281,-12.5089501508929,-6.91171411496013,-1.33554222023441,0.385662480811984,1.29723934574393,2.76142854767123,-16.7119488591037,-12.2134010192938,-4.37774264912414,-0.0148975651917416,-0.10722807619468,1.57094109806939,2.57434284268284
"icr069830",-17.6261711489759,-10.283582742904,-5.99610595593654,-1.27598589563853,0.0327898228229913,1.02597310502814,2.91343703082716,-16.7764414489853,-12.5386904473121,-4.47912471415703,-0.00155806306352652,-0.207477485419393,1.49417933307158,2.58935604071455
"icr069849",-17.1946535107931,-12.7959772676399,-6.96766202421895,-0.799802538986654,0.788457360364271,1.45430923741887,2.50959926237837,-16.4749673572471,-13.0291930622308,-5.77214281259311,-0.755562263388802,0.076900495174855,1.57044796297333,2.52916275996517
"icr069850",-17.3965503902193,-11.2360079403357,-7.22491900804538,-1.69298679031584,0.351397886837889,1.45108313698233,2.45642516558166,-16.4722142955457,-12.7108446196039,-6.22963334874581,-0.774491089982748,-0.0291830545992725,1.49082403072161,2.51533759279989
"icr069869",-16.7635697580791,-12.1137498627863,-8.15901901311035,-1.55653709022361,0.174353387144777,1.19201346375651,2.54010335887501,-16.324230839639,-13.322505306997,-5.89801057034352,-1.11899265854932,-0.0217363739984595,1.62538089370693,2.83311289839967
"icr069870",-16.9697931273623,-11.1519902518907,-7.97855648480448,-1.90438434896149,-0.371563556432482,0.936687359781802,2.88215092475131,-16.4830304288091,-13.3727092400351,-6.23797505186451,-1.16632723162623,0.0251542789721299,1.75483483789499,2.58285977115435
"icr069889",-16.9897688695335,-11.0046591036098,-7.19728459480952,-1.13231324143349,0.0339015516756813,0.908258560176892,2.87001952904727,-16.5368481398498,-12.7695708948193,-6.21071882870651,-1.11316014406737,-0.157049464766414,1.67370236898256,2.64806266472996
"icr069890",-16.8928936596551,-10.8409983135751,-7.70688712011316,-1.52677528049093,-0.0714589639821455,1.07281953410638,2.95327035831948,-16.5421185309957,-12.6607008583368,-6.27364048124307,-0.952476958122672,-0.214964791231932,1.65157017370766,2.61776047584111
"icr069909",-16.5022280018625,-11.1891626496879,-6.66644070721311,-1.02886005454129,-0.207639364778244,1.36670722784459,2.76659654021701,-16.5886136924892,-13.0893550549782,-6.13312272256565,-1.03610905724508,-0.0308385909870744,1.65860979705446,2.6160948325653
"icr069910",-17.1225166427955,-10.8028574404129,-6.90562467105738,-1.93245899260201,-0.459532329378439,1.08805810098942,2.96364395900249,-16.554061477163,-12.7806764293514,-6.44480797901983,-0.992461981789458,0.0432250253585034,1.68099975666224,2.58909883089735
"icr069929",-16.7190942879803,-11.9123376105593,-7.02327756598646,-1.01005678258411,0,1.26851132546351,2.79902197930794,-16.5050675940228,-12.9846581976033,-4.34398177597695,-0.699784459199742,0.373971987379733,1.42010659465204,2.75663741571907
"icr069930",-17.2241929072189,-11.7360292915992,-6.37474014026768,-1.49787209427207,-0.644357016390513,0.800777844752311,2.79466467393898,-16.479714903631,-13.1487660472487,-5.32560260028173,-0.985591658222463,-0.146416124721026,1.52087793564536,2.7944292954442
"icr069949",-17.2002088015511,-12.1256136861837,-7.00175048217065,-1.34311533933738,-0.167054084663167,1.29154899353053,2.68184782870819,-16.5036781683181,-13.1318932307246,-5.18390143054435,-0.964304480551261,0.499163805294881,1.55276062326499,2.73372780840544
"icr069950",-17.5316870945873,-10.489401630295,-6.51895483865836,-2.01795540019251,-0.538996500732686,1.03918886819731,3.05545150825561,-16.6451331427672,-12.5797813203764,-6.3420126850064,-0.933936126356188,-0.151875487957204,1.36141710179753,2.47026698490299
"icr069969",-16.9412034441548,-11.7045127444898,-6.75840746044355,-1.45179129108081,-0.0645385211375711,1.41455052957028,2.76033170761225,-16.49880733644,-12.6037937111124,-5.58705016231089,-0.929080759017667,-0.177090588676479,1.63411671909312,2.62037056374797
"icr069970",-17.3119137247653,-10.4977673763538,-6.86090481099611,-1.81862959804782,-0.51987545928591,1.02165124753198,2.88780436239092,-16.5080114784635,-12.4819531448583,-5.47961403104067,-0.605306738735447,-0.227855221641959,1.61461819731736,2.55756320291728
"icr069989",-16.7705442547344,-11.2179067215432,-6.0308919907697,-0.95538754237035,-0.0689928714869499,1.5004191747713,2.81694428934135,-16.5338188695603,-13.0810955299921,-4.51327144429957,-0.511691142413462,0.64985771283859,1.45389150322597,2.72799352931671
"icr069990",-17.3778769271206,-10.9778806222143,-5.09597723836878,-1.44323683087072,-0.223143551314209,1.34207584247328,2.92596270299887,-16.6998194876179,-13.3921497253756,-5.55299707979534,-0.652886923115552,0.136207138989199,1.34899993844759,2.62934642502923
"icr070009",-17.0704429601263,-11.3540055286051,-6.81837238150619,-1.34455592075007,-0.788457360364269,1.31410362872904,2.73539565499274,-16.6114474644398,-12.739609876353,-5.88453599788484,-0.759619255845827,0.120963750072669,1.48934596493324,2.60210449940672
"icr070010",-17.5612242720961,-10.4668793415381,-6.56252496886212,-1.9228325905023,-1.03407376753054,1.01338185604948,2.47133457224246,-16.5675611139767,-12.6567438674188,-5.89269671178491,-0.917227662651197,-0.0358944702001372,1.53724217059135,2.59631853502057
"icr070029",-15.9715198606695,-12.1685946337967,-6.2438027396292,-1.25035749347257,0.619039208406223,1.62815920804231,2.73859920047387,-16.2161207595201,-13.0484995701276,-5.0888297972734,-1.33549080750826,0.935229509750645,1.70844182734656,2.99714775459322
"icr070030",-16.2860482975457,-11.266006527069,-6.00099455666657,-1.56490674756733,0.348306694268217,1.47524184713639,2.67580908982463,-16.2952238706103,-12.9326348895585,-5.42624299473442,-1.22534203296964,0.478209301277138,1.6770254530055,2.83357094518485
"icr070049",-16.037332783011,-12.038172274995,-6.36937044956207,-1.19758881504716,-0.128617377822094,1.45947597841348,2.24223868589696,-16.3577926692717,-12.9987288895045,-6.04666909788866,-1.27365829007045,-0.029979476274969,1.79110558415606,2.72913340650695
"icr070050",-16.6657844640581,-11.0711291040409,-6.88397284948486,-1.41314754759119,-0.340926586970593,1.27391011158276,2.57894375494553,-16.5756170566073,-13.0701845188453,-6.13005507433977,-1.0684483295965,-0.0450873736563141,1.69526551864116,2.68425653481515
"icr070069",-16.7079057807796,-10.7167678951677,-6.2852719135858,-0.991346895341056,0,1.39128190263093,2.69891771753894,-16.4795080128904,-13.1021039041815,-5.4949465451997,-0.714166228243382,0.101962038965878,1.57328971421465,2.61269354236441
"icr070070",-17.2517188516704,-11.4260780090586,-5.74800020004148,-0.66331507501655,0.428995605518359,1.30715704056117,2.98642988089168,-16.5950828772289,-12.5547242820341,-4.77455980773879,-0.292513321070732,-0.104113253773864,1.58338533081108,2.61639535788533
"icr070089",-16.9220730952201,-12.0404964000595,-6.44666050556259,-1.1402121486706,0.0923733201310153,1.42126496387168,2.59610117828029,-16.405578334275,-13.6899453533861,-5.36291938584654,-0.958421715647164,0.290125373265016,1.6600071560629,2.72375743378339
"icr070090",-17.4257023360542,-10.9915754848359,-6.10425899731481,-1.85044397863964,-0.164303051291277,1.2766710992281,2.96183072187831,-16.5077802317755,-13.5623679853444,-5.27953157316986,-0.833118478519581,0.229833200206027,1.61905143417068,2.63869061926442
"icr073300",-16.0795847460581,-15.5535525032433,-6.68992591380252,-0.51309972637784,-1.2272296664902,1.09258817406473,2.86746525564171,-16.212450069957,-16.3316212824625,-5.07662326668335,0.185555903691235,-1.49543314620467,1.06287354345044,2.72097445806915
"icr073301",-15.5047493780872,-15.9414923886519,-6.27610188706497,-0.266034370854909,-0.770705414905819,0.980829253011726,2.92294933408777,-16.0679634659044,-15.5860817360674,-4.96372301008944,0.638854230551659,-0.792162230277763,1.19385949796121,2.82115284700683
"icr073320",-15.8472803387757,-14.9845814837823,-4.63811601156852,0.575747524141009,-0.202236866494896,1.35684715979359,2.88542125273631,-16.0008427799521,-13.7404925986364,-5.5998948905087,0.0606160431754025,0.111305486640248,1.33380000443724,2.72237604314811
"icr073321",-16.4081747544581,-14.4831705726364,-5.07429042486537,0.66135221577326,-0.803495237728811,1.40150377978342,3.02330015239583,-16.0791023198216,-13.9009516398439,-5.88660977431391,-0.180014861278388,-0.597097448522841,1.18893827258516,2.72611469567926
"icr073340",-14.9170552355137,-15.5162414206888,-5.00787623737527,0.188298157850677,0.50800474742435,1.71185291786217,2.78019466675151,-15.7250495152271,-12.9774674919545,-5.93787936568036,-0.915844145414587,-0.100499113376214,1.33256449698582,2.5886158136392
"icr073341",-16.3989226732829,-14.3520276972286,-6.24541969336704,-0.683082628604646,-0.548565951748836,1.87395869552862,2.7598121356608,-15.7659628940914,-12.8151686218881,-6.32628628087087,-0.742077037274547,-0.394965326047237,0.924454205361673,2.56990314200971
"icr073361",-14.6760404712811,-14.9130652914723,-6.89028456500677,-0.294154218747545,-0.573002868717882,1.66362474377569,2.74929001876998,-15.1917161841149,-13.9955226338702,-6.69945343102209,-1.02352359686388,-0.368564805711687,1.20984745989157,2.72982687824113
"icr073362",-15.9301096534828,-15.7718812342545,-6.32130810872383,0.344639965412478,-0.751416088683921,1.8430527636156,2.79511731789844,-15.5912598645703,-14.0651551031235,-7.24536835403513,-0.622178336888243,-1.0967143522411,1.1049166033813,2.72178862273276
"icr073379",-16.2950449115417,-15.9345926159786,-3.0864361280856,1.50599740629129,-0.380463805902748,1.47032510997138,2.93941384296377,-15.5761897570984,-12.6454258005602,-5.23716985144066,-0.458689005799956,0.623125173265697,1.65965668435797,2.71951513503723
"icr073380",-17.3303537873364,-15.0584663431079,-3.41493118356404,0.581194915720134,-0.524524468124152,1.19019410196977,3.00547303768559,-15.8782354984327,-12.3377555063562,-4.84939164864242,-0.133689223484736,0.507833696959217,1.40731798143151,2.63759717921041
"icr073399",-15.4038622636203,-16.2378139351793,-6.02477722998383,-0.48299790657933,-0.421994410059375,1.16643488500687,2.89319901451509,-16.1694966777228,-15.0995576599305,-4.31106279896412,0.381258415460838,-0.226924828481181,1.41559554577164,2.79853406494322
"icr073400",-16.7567182579012,-16.3174972308275,-5.66595671901761,-0.695260763571037,-1.32687094064909,1.18690489581379,2.92162430140027,-16.6885006337274,-14.5231887790467,-5.08417912944988,-0.0336191902852467,-0.48498866319913,1.231070313572,2.77203769215896
"icr073419",-15.2692643144405,-15.19823987888,-5.44049968818409,0.246284442672984,-0.0709517359722831,1.61049109841876,2.77607249456766,-14.9661351828102,-13.092137992436,-6.3997614263986,-0.979006312456426,-0.0449804649101107,1.40075862229566,2.63888327040909
"icr073420",-16.3735501875639,-15.1138594573242,-5.48021010925067,0.165518269372622,-0.619039208406225,1.45641272512858,2.74425549443256,-15.4894573926788,-12.930479765743,-6.80839573051746,-0.997317297281199,-0.947400754916518,1.17507782262967,2.59404577282417
"icr073439",-15.8020227187222,-15.3212278798913,-5.31493615041142,0.146544823146731,-0.336472236621214,1.28683356758925,2.81250438281854,-16.1787471239176,-13.8999933428973,-6.20767747043167,0.0657485241827941,-0.132905736429794,1.14061257465745,2.69468147987537
"icr073440",-16.3751935409984,-13.988698363684,-5.71471935811918,-0.571938635287795,-1.26566637333128,1.23422721268374,2.95514259405395,-16.1542641794125,-14.2131020554228,-6.18528540193276,0.164676299884622,-0.736248858786243,1.13367721930184,2.69411121308975
"icr073459",-16.297284927957,-15.8208829573558,-2.38748612388278,1.63787705786926,0.126751705639144,1.21034225261142,2.88082658785951,-15.7561182967418,-13.1882981420156,-6.41574443991844,-0.249502356687825,-0.118118892002928,1.06981173968556,2.66477098675237
"icr073460",-16.5384860377115,-16.456620007184,-2.08857053033277,1.64495479998414,-0.0145987994211527,1.40346216474225,2.92728870172381,-15.7393977786118,-13.6152726705331,-6.5225491411809,-0.281042636938604,-0.11373646184172,1.12290097318241,2.66523894063638
"icr073479",-16.2309545998,-14.7014529148324,-6.88491721348274,0.0545846316155387,-1.56563528977571,0.977146007595431,2.88945306237909,-15.9213129966344,-14.4260525601808,-6.16176801349419,-0.157675015396484,-1.3055187237302,1.12250877122768,2.68045302635002
"icr073480",-15.6082546892479,-15.5916862721706,-6.2267174912466,0.578291373702376,-0.708651367095911,0.957626355932062,2.79747377878145,-16.0905837715211,-14.6991806275486,-5.86854604891987,-0.109039364075729,-1.62353980848463,1.03221495188617,2.5899216660114
"icr073499",-16.2034161558402,-14.8016476497894,-5.87506070174518,-0.350082289944613,-1.171637423683,1.01879585093558,2.94572533680827,-16.1369649048707,-15.8648046778814,-4.34222122654168,0.346176014099048,-0.771021424503129,1.38073324606031,2.8583180750641
"icr073500",-15.6740026294279,-15.2421723268829,-4.98363945052095,0.253067555542343,-0.191055236762709,0.448455293039533,2.90668471448408,-16.3351465475524,-16.5077268417716,-5.29221353382426,-0.0524565417849086,-1.70369976299866,1.0898408815951,2.71903130500087
"icr073519",-15.8723640093273,-15.8116259043315,-5.75716223988194,-0.203630303688137,-0.414943852062708,1.41862974176283,2.7696269272027,-15.9384554345398,-14.1144098343207,-6.15439138717057,-0.0716166395377241,-0.436083489329184,1.18002909864728,2.69694505712443
"icr073520",-16.6237022741452,-15.2754783155328,-6.03693896836361,-0.593980278656318,-1.13943428318836,1.43126205301985,2.75498453131137,-15.9803184991904,-14.1926041971933,-6.1616132888592,0.265090696163146,-0.783960415261547,1.06202135029283,2.6573131079354
"icr073539",-15.5715298235372,-15.6954995808422,-4.23872688605064,1.53087888533123,0.0927817334509662,0.67116827384117,3.00404361720478,-15.8211217403795,-13.0590879026779,-6.27062017139481,-1.15959418588034,-0.112454394464404,0.478304557526361,2.49365955662991
"icr073540",-16.5759565251313,-15.3982271948416,-4.36426820049538,1.36435156417247,-0.611801541105994,0.760041415389974,2.80810742292514,-15.8221112241748,-12.8302046604739,-6.29102822418509,-1.19604437982729,-0.148751250866382,0.532045878068784,2.48049388511992
"icr073558",-16.1012168831683,-15.7360877986715,-4.27709614239928,0.37353837078866,-0.287682072451782,0.680408154782516,2.84906795175493,-15.9504493050397,-15.5683863827659,-4.8454176111706,0.285135758726454,-1.15736205054255,1.12336305957538,2.67196373888983
"icr073559",-17.0417718772384,-15.1228907522178,-4.87419805927742,0.898440268289475,-0.947381318944187,0.371063681390831,2.99529927939265,-16.2917387629549,-14.7433247348312,-5.63589464544826,0.0902152301225953,-1.64373178590445,1.0316736982006,2.58954238837641
"icr073578",-15.6915698457835,-15.0943258271806,-4.99724185394515,-0.140708336333595,-0.237328186306167,1.18044230691574,2.95024844554419,-15.9826489075472,-15.5396430867538,-4.70435715784769,0.17904749760134,-0.80960483307078,1.28555445211922,2.79482009522358
"icr073579",-16.8125429147449,-15.0690430042792,-4.80824087942917,-0.348922570453645,-1.04982212449868,0.975222510250489,3.03987947274791,-16.3687997595319,-16.3131016164508,-5.38596020494048,-0.406162681067395,-1.82505094830087,1.10854684457409,2.74107270347843
"icr073598",-15.7256232254056,-14.544272470113,-6.22818827343891,-0.628826824371404,-0.664159643686693,1.44894532608156,2.9165649787731,-15.7878286492083,-13.9048762745493,-6.22152833080271,-0.79469052655243,-0.729456231662774,1.34669747649,2.65150748508677
"icr073599",-16.3692374636877,-14.0792814883466,-6.33032971395148,-0.425382594699846,-0.532804530484766,1.37743167386204,2.77692533203035,-16.0735046840759,-13.7424001104553,-6.59674031066777,-0.651658732658195,-1.06030114515883,1.22294132495244,2.68001552858241
